order_id,order_date,region,city,segment,category,sub_category,quantity,unit_price,discount,revenue,cost,profit
ORD-1000,2024-01-18,North,Chennai,Consumer,Technology,Machines,3,370.87,0.2,890.09,619.74,270.35
ORD-1001,2024-01-18,North,Mumbai,Consumer,Office Supplies,Paper,2,117.13,0.15,199.12,127.6,71.52
ORD-1002,2024-01-26,South,Ahmedabad,Consumer,Office Supplies,Paper,10,146.31,0.3,716.92,412.33,305.92
ORD-1003,2024-01-03,South,Kolkata,Corporate,Office Supplies,Paper,3,115.5,0.3,169.78,129.68,56.44
ORD-1004,2024-01-13,West,Kolkata,Corporate,Technology,Machines,1,367.57,0.15,312.43,140.57,171.86
ORD-1005,2024-01-08,North,Hyderabad,Home Office,Office Supplies,Binders,10,104.22,0,1042.2,435.98,606.22
ORD-1006,2024-01-12,East,Pune,Consumer,Technology,Accessories,5,232.17,0.3,812.59,443.62,368.97
ORD-1007,2024-01-06,East,Delhi,Home Office,Technology,Machines,10,321.14,0.15,2729.69,1887.99,841.7
ORD-1008,2024-01-08,West,Chennai,Home Office,Furniture,Bookcases,11,168.9,0.3,1300.53,923.9,376.63
ORD-1009,2024-01-11,North,Delhi,Corporate,Furniture,Furnishings,4,457.44,0.15,1555.3,1167.33,387.97
ORD-1010,2024-01-18,South,Ahmedabad,Corporate,Office Supplies,Paper,3,139.79,0,293.56,292.72,63.33
ORD-1011,2024-01-03,East,Pune,Home Office,Office Supplies,Paper,6,117.47,0,704.82,425.58,279.24
ORD-1012,2024-01-20,North,Bangalore,Home Office,Technology,Accessories,11,216.86,0,2385.46,1321.32,1064.14
ORD-1013,2024-01-25,West,Mumbai,Home Office,Office Supplies,Binders,11,363.15,0.2,3195.72,2409.3,786.42
ORD-1014,2024-01-24,East,Kolkata,Consumer,Office Supplies,Binders,7,87.5,0,612.5,478.68,133.82
ORD-1015,2024-01-07,East,Delhi,Home Office,Office Supplies,Art,11,156.24,0.2,1374.91,829.16,545.75
ORD-1016,2024-01-12,South,Mumbai,Home Office,Furniture,Tables,10,168.84,0,1181.88,750.91,468.75
ORD-1017,2024-01-25,East,Delhi,Consumer,Technology,Phones,2,368.63,0.3,516.08,220.72,295.36
ORD-1018,2024-01-07,South,Bangalore,Home Office,Technology,Copiers,5,268.56,0.15,798.97,649.74,245.82
ORD-1019,2024-01-08,South,Hyderabad,Corporate,Office Supplies,Binders,8,450.81,0.1,2272.08,1455.44,895.2
ORD-1020,2024-01-02,North,Chennai,Home Office,Furniture,Chairs,10,117.91,0,1179.1,805.49,373.61
ORD-1021,2024-01-18,South,Delhi,Corporate,Technology,Phones,9,126.62,0.2,638.16,541.68,184.99
ORD-1022,2024-01-12,South,Ahmedabad,Consumer,Office Supplies,Paper,7,103.3,0,506.17,479.84,121.63
ORD-1023,2024-01-13,West,Mumbai,Home Office,Furniture,Furnishings,11,330.19,0.2,2905.67,1276.66,1629.01
ORD-1024,2024-01-15,East,Chennai,Consumer,Technology,Accessories,9,229.82,0.1,1861.54,881.24,980.3
ORD-1025,2024-01-03,South,Delhi,Home Office,Technology,Copiers,1,329.55,0.15,196.08,205.72,37.2
ORD-1026,2024-01-01,South,Ahmedabad,Corporate,Technology,Copiers,4,433.68,0,1214.3,808.13,463.3
ORD-1027,2024-01-23,West,Pune,Corporate,Furniture,Furnishings,12,479.09,0.3,4024.36,2504.39,1519.97
ORD-1028,2024-01-11,West,Chennai,Corporate,Technology,Accessories,1,293.8,0.15,249.73,105.98,143.75
ORD-1029,2024-01-03,North,Bangalore,Home Office,Technology,Copiers,1,480.78,0,480.78,356.04,124.74
ORD-1030,2024-01-03,North,Delhi,Corporate,Office Supplies,Art,10,130.65,0.15,1110.52,461.86,648.66
ORD-1031,2024-01-05,West,Chennai,Corporate,Office Supplies,Binders,11,360.93,0,3970.23,2009.91,1960.32
ORD-1032,2024-01-03,East,Mumbai,Consumer,Furniture,Bookcases,8,314.37,0.15,2137.72,1706.84,430.88
ORD-1033,2024-01-15,South,Hyderabad,Consumer,Office Supplies,Binders,2,440.84,0,617.18,453.18,214.25
ORD-1034,2024-01-04,East,Kolkata,Home Office,Office Supplies,Storage,11,60.76,0,668.36,338.05,330.31
ORD-1035,2024-01-09,South,Chennai,Home Office,Furniture,Bookcases,12,178.01,0.2,1196.23,1117.1,295.9
ORD-1036,2024-01-21,West,Pune,Consumer,Furniture,Chairs,5,31.6,0,158.0,111.93,46.07
ORD-1037,2024-01-23,East,Pune,Home Office,Technology,Copiers,9,14.74,0,132.66,103.21,29.45
ORD-1038,2024-01-26,South,Bangalore,Corporate,Office Supplies,Storage,7,72.45,0,355.0,276.83,115.16
ORD-1039,2024-01-28,North,Chennai,Home Office,Furniture,Tables,11,60.37,0.3,464.85,290.04,174.81
ORD-1040,2024-01-11,West,Bangalore,Consumer,Office Supplies,Art,3,441.89,0,1325.67,625.38,700.29
ORD-1041,2024-01-16,West,Bangalore,Corporate,Office Supplies,Art,12,62.97,0.3,528.95,219.77,309.18
ORD-1042,2024-01-11,South,Kolkata,Corporate,Technology,Copiers,4,119.23,0.2,267.08,182.09,99.72
ORD-1043,2024-01-01,East,Pune,Corporate,Technology,Machines,11,490.76,0.15,4588.61,2443.25,2145.36
ORD-1044,2024-01-26,North,Kolkata,Home Office,Furniture,Tables,1,63.12,0.1,56.81,30.58,26.23
ORD-1045,2024-01-26,East,Chennai,Corporate,Furniture,Chairs,5,31.75,0.1,142.88,57.25,85.63
ORD-1046,2024-01-10,South,Hyderabad,Consumer,Furniture,Furnishings,10,163.82,0.3,802.72,515.86,315.44
ORD-1047,2024-01-22,East,Pune,Corporate,Office Supplies,Paper,12,154.87,0,1858.44,885.99,972.45
ORD-1048,2024-01-07,West,Kolkata,Home Office,Office Supplies,Art,7,278.49,0,1949.43,1016.73,932.7
ORD-1049,2024-01-26,West,Ahmedabad,Corporate,Office Supplies,Binders,8,341.06,0.15,2319.21,1366.65,952.56
ORD-1050,2024-01-10,South,Hyderabad,Corporate,Office Supplies,Storage,2,411.03,0.3,402.81,284.24,145.6
ORD-1051,2024-01-03,South,Mumbai,Consumer,Technology,Accessories,4,492.13,0.15,1171.27,1238.02,217.61
ORD-1052,2024-01-01,West,Pune,Home Office,Furniture,Tables,8,205.83,0,1646.64,1090.77,555.87
ORD-1053,2024-01-05,North,Ahmedabad,Consumer,Furniture,Tables,1,283.13,0.3,198.19,88.9,109.29
ORD-1054,2024-01-16,West,Pune,Corporate,Office Supplies,Binders,9,228.5,0,2056.5,1434.33,622.17
ORD-1055,2024-01-03,West,Kolkata,Home Office,Furniture,Tables,9,247.45,0,2227.05,1135.44,1091.61
ORD-1056,2024-01-23,East,Hyderabad,Corporate,Technology,Machines,9,49.48,0,445.32,219.32,226.0
ORD-1057,2024-01-07,South,Pune,Consumer,Office Supplies,Art,7,172.13,0.1,759.09,614.12,235.15
ORD-1058,2024-01-13,West,Pune,Home Office,Furniture,Chairs,8,12.89,0,103.12,53.57,49.55
ORD-1059,2024-01-22,West,Chennai,Corporate,Office Supplies,Art,5,223.56,0,1117.8,620.99,496.81
ORD-1060,2024-01-22,West,Bangalore,Corporate,Office Supplies,Art,10,271.72,0.1,2445.48,1557.18,888.3
ORD-1061,2024-01-15,North,Ahmedabad,Consumer,Technology,Copiers,3,34.64,0.1,93.53,49.66,43.87
ORD-1062,2024-01-18,East,Pune,Corporate,Furniture,Furnishings,5,419.11,0.1,1886.0,769.02,1116.98
ORD-1063,2024-01-07,North,Delhi,Home Office,Furniture,Tables,11,29.73,0,327.03,255.03,72.0
ORD-1064,2024-01-15,North,Bangalore,Consumer,Office Supplies,Art,8,338.03,0.15,2298.6,1790.85,507.75
ORD-1065,2024-01-10,East,Delhi,Home Office,Furniture,Tables,3,482.71,0,1448.13,914.46,533.67
ORD-1066,2024-01-20,West,Chennai,Consumer,Furniture,Tables,2,351.62,0,703.24,520.48,182.76
ORD-1067,2024-01-01,North,Pune,Corporate,Office Supplies,Storage,11,191.58,0.15,1791.27,1180.48,610.79
ORD-1068,2024-01-14,West,Hyderabad,Corporate,Furniture,Chairs,11,446.87,0.1,4424.01,3021.26,1402.75
ORD-1069,2024-01-11,South,Ahmedabad,Home Office,Office Supplies,Binders,8,223.43,0.2,1000.96,910.86,259.55
ORD-1070,2024-01-01,South,Chennai,Corporate,Technology,Machines,8,289.23,0.2,1295.75,1021.04,415.01
ORD-1071,2024-01-20,West,Chennai,Corporate,Furniture,Tables,6,400.94,0,2405.64,1231.36,1174.28
ORD-1072,2024-01-25,East,Chennai,Home Office,Office Supplies,Storage,2,128.26,0.1,230.87,137.47,93.4
ORD-1073,2024-01-13,South,Ahmedabad,Home Office,Office Supplies,Paper,8,398.54,0,2231.82,1650.57,768.88
ORD-1074,2024-01-23,South,Hyderabad,Corporate,Furniture,Bookcases,7,498.35,0.15,2075.63,1578.41,693.38
ORD-1075,2024-01-18,West,Chennai,Corporate,Furniture,Bookcases,2,363.43,0,726.86,325.5,401.36
ORD-1076,2024-01-10,South,Ahmedabad,Home Office,Technology,Accessories,5,365.05,0.3,894.37,779.19,249.24
ORD-1077,2024-01-09,North,Hyderabad,Consumer,Technology,Machines,3,158.11,0.2,379.46,232.86,146.6
ORD-1078,2024-01-01,North,Bangalore,Home Office,Technology,Machines,11,435.55,0.1,4311.95,1901.72,2410.23
ORD-1079,2024-01-16,East,Hyderabad,Corporate,Furniture,Furnishings,3,483.09,0,1449.27,1125.25,324.02
ORD-1080,2024-02-26,North,Delhi,Corporate,Technology,Copiers,10,318.43,0,3184.3,1466.98,1717.32
ORD-1081,2024-02-17,East,Pune,Consumer,Technology,Accessories,10,302.1,0.15,2567.85,1258.95,1308.9
ORD-1082,2024-02-24,West,Pune,Corporate,Furniture,Furnishings,5,288.63,0,1443.15,929.18,513.97
ORD-1083,2024-02-01,North,Delhi,Corporate,Technology,Accessories,3,127.53,0.15,325.2,139.84,185.36
ORD-1084,2024-02-15,West,Mumbai,Corporate,Furniture,Furnishings,4,151.17,0,604.68,411.91,192.77
ORD-1085,2024-02-09,North,Chennai,Corporate,Office Supplies,Art,7,66.24,0,463.68,305.59,158.09
ORD-1086,2024-02-15,South,Kolkata,Consumer,Technology,Phones,10,376.99,0.15,2243.09,2462.52,370.94
ORD-1087,2024-02-20,North,Pune,Home Office,Furniture,Bookcases,5,255.23,0.1,1148.53,660.52,488.01
ORD-1088,2024-02-19,North,Kolkata,Home Office,Furniture,Bookcases,1,54.75,0.2,43.8,32.17,11.63
ORD-1089,2024-02-09,North,Mumbai,Home Office,Office Supplies,Binders,3,240.55,0.2,577.32,333.05,244.27
ORD-1090,2024-02-22,South,Ahmedabad,Home Office,Office Supplies,Paper,2,240.31,0.1,302.79,230.69,100.94
ORD-1091,2024-02-18,North,Ahmedabad,Corporate,Technology,Machines,5,334.67,0.1,1506.02,1092.51,413.51
ORD-1092,2024-02-17,North,Kolkata,Corporate,Furniture,Chairs,6,66.8,0.3,280.56,157.58,122.98
ORD-1093,2024-02-21,North,Mumbai,Corporate,Office Supplies,Paper,4,264.04,0.15,897.74,630.73,267.01
ORD-1094,2024-02-01,West,Bangalore,Corporate,Technology,Accessories,5,224.68,0.2,898.72,533.74,364.98
ORD-1095,2024-02-04,South,Mumbai,Corporate,Office Supplies,Art,9,209.92,0,1322.5,1505.57,191.85
ORD-1096,2024-02-16,West,Kolkata,Corporate,Technology,Accessories,9,355.65,0.1,2880.76,2114.16,766.6
ORD-1097,2024-02-09,South,Chennai,Corporate,Furniture,Tables,10,259.04,0,1813.28,1931.43,329.49
ORD-1098,2024-02-22,West,Kolkata,Consumer,Furniture,Bookcases,12,156.29,0.15,1594.16,1007.46,586.7
ORD-1099,2024-02-15,West,Ahmedabad,Home Office,Technology,Copiers,6,172.9,0.3,726.18,448.32,277.86
ORD-1100,2024-02-24,East,Pune,Home Office,Technology,Accessories,4,429.45,0.1,1546.02,645.4,900.62
ORD-1101,2024-02-19,West,Bangalore,Corporate,Office Supplies,Paper,8,482.76,0,3862.08,2320.79,1541.29
ORD-1102,2024-02-05,East,Ahmedabad,Consumer,Technology,Copiers,1,364.0,0.1,327.6,245.17,82.43
ORD-1103,2024-02-28,North,Pune,Corporate,Furniture,Bookcases,11,49.35,0,542.85,402.22,140.63
ORD-1104,2024-02-10,West,Mumbai,Home Office,Furniture,Furnishings,10,43.53,0.2,348.24,234.63,113.61
ORD-1105,2024-02-23,South,Delhi,Corporate,Office Supplies,Storage,11,354.91,0,2732.81,2254.45,824.78
ORD-1106,2024-02-17,East,Mumbai,Corporate,Technology,Phones,5,185.65,0.1,835.43,382.82,452.61
ORD-1107,2024-02-08,West,Bangalore,Consumer,Office Supplies,Art,2,308.65,0.1,555.57,359.94,195.63
ORD-1108,2024-02-26,West,Ahmedabad,Consumer,Office Supplies,Art,11,134.45,0,1478.95,986.07,492.88
ORD-1109,2024-02-14,West,Ahmedabad,Consumer,Furniture,Tables,6,493.95,0,2963.7,1942.93,1020.77
ORD-1110,2024-02-19,East,Pune,Consumer,Furniture,Bookcases,8,62.26,0.1,448.27,281.86,166.41
ORD-1111,2024-02-24,East,Pune,Consumer,Office Supplies,Binders,5,13.97,0.3,48.9,32.97,15.93
ORD-1112,2024-02-20,North,Chennai,Corporate,Office Supplies,Paper,10,402.95,0,4029.5,2637.9,1391.6
ORD-1113,2024-02-02,East,Delhi,Home Office,Office Supplies,Art,11,326.71,0,3593.81,2571.17,1022.64
ORD-1114,2024-02-26,East,Kolkata,Consumer,Office Supplies,Art,6,376.27,0,2257.62,1084.38,1173.24
ORD-1115,2024-02-11,East,Kolkata,Consumer,Office Supplies,Binders,8,484.02,0,3872.16,2705.18,1166.98
ORD-1116,2024-02-26,North,Chennai,Consumer,Furniture,Chairs,11,364.87,0.1,3612.21,2842.48,769.73
ORD-1117,2024-02-22,East,Kolkata,Consumer,Technology,Copiers,9,70.56,0,635.04,424.93,210.11
ORD-1118,2024-02-18,East,Hyderabad,Home Office,Office Supplies,Paper,2,340.67,0.1,613.21,251.42,361.79
ORD-1119,2024-02-14,East,Delhi,Home Office,Office Supplies,Art,11,413.69,0.2,3640.47,1896.23,1744.24
ORD-1120,2024-02-05,North,Kolkata,Consumer,Technology,Phones,8,66.9,0,535.2,404.02,131.18
ORD-1121,2024-02-21,West,Pune,Home Office,Furniture,Bookcases,10,373.71,0,3737.1,2818.39,918.71
ORD-1122,2024-02-08,North,Mumbai,Corporate,Furniture,Furnishings,12,191.56,0.1,2068.85,1195.54,873.31
ORD-1123,2024-02-28,East,Hyderabad,Home Office,Technology,Machines,1,205.09,0,205.09,161.46,43.63
ORD-1124,2024-02-26,West,Mumbai,Home Office,Technology,Accessories,1,395.53,0,395.53,314.66,80.87
ORD-1125,2024-02-20,South,Chennai,Home Office,Technology,Accessories,4,170.99,0,478.77,489.34,97.31
ORD-1126,2024-02-01,North,Kolkata,Consumer,Furniture,Tables,3,63.86,0.3,134.11,55.03,79.08
ORD-1127,2024-02-04,East,Bangalore,Consumer,Technology,Machines,5,35.68,0.2,142.72,81.12,61.6
ORD-1128,2024-02-26,North,Delhi,Corporate,Furniture,Furnishings,8,256.88,0.15,1746.78,729.01,1017.77
ORD-1129,2024-02-15,East,Ahmedabad,Consumer,Furniture,Chairs,7,218.87,0,1532.09,913.29,618.8
ORD-1130,2024-02-18,North,Bangalore,Home Office,Technology,Machines,2,71.83,0.15,122.11,79.77,42.34
ORD-1131,2024-02-21,East,Pune,Corporate,Furniture,Bookcases,2,398.62,0,797.24,590.85,206.39
ORD-1132,2024-02-04,South,Pune,Consumer,Furniture,Furnishings,6,415.44,0.1,1570.37,1270.64,486.37
ORD-1133,2024-02-03,East,Kolkata,Home Office,Furniture,Bookcases,6,477.26,0.2,2290.85,1762.11,528.74
ORD-1134,2024-02-02,North,Delhi,Corporate,Technology,Phones,12,372.01,0.3,3124.88,1412.59,1712.29
ORD-1135,2024-02-24,East,Hyderabad,Corporate,Office Supplies,Storage,11,471.15,0.1,4664.39,3485.4,1178.99
ORD-1136,2024-02-08,North,Delhi,Corporate,Furniture,Bookcases,10,258.63,0,2586.3,1713.93,872.37
ORD-1137,2024-02-25,North,Kolkata,Consumer,Furniture,Bookcases,10,120.82,0.1,1087.38,802.55,284.83
ORD-1138,2024-02-12,North,Bangalore,Consumer,Office Supplies,Binders,5,354.32,0,1771.6,1361.68,409.92
ORD-1139,2024-02-03,North,Pune,Home Office,Technology,Accessories,2,79.52,0.2,127.23,100.35,26.88
ORD-1140,2024-02-19,South,Hyderabad,Corporate,Furniture,Furnishings,3,191.33,0.2,321.43,243.26,107.97
ORD-1141,2024-02-16,North,Mumbai,Consumer,Technology,Accessories,11,49.97,0.1,494.7,328.86,165.84
ORD-1142,2024-02-19,West,Delhi,Consumer,Furniture,Bookcases,6,220.66,0,1323.96,888.76,435.2
ORD-1143,2024-02-10,West,Chennai,Consumer,Office Supplies,Binders,7,492.38,0,3446.66,1389.26,2057.4
ORD-1144,2024-02-05,South,Hyderabad,Corporate,Technology,Machines,2,13.79,0.2,15.44,12.62,4.72
ORD-1145,2024-02-01,West,Hyderabad,Home Office,Office Supplies,Art,2,204.56,0.2,327.3,136.46,190.84
ORD-1146,2024-02-04,West,Pune,Home Office,Technology,Machines,10,208.17,0.2,1665.36,944.39,720.97
ORD-1147,2024-02-04,West,Ahmedabad,Consumer,Technology,Machines,12,460.69,0,5528.28,3177.02,2351.26
ORD-1148,2024-02-11,South,Delhi,Home Office,Furniture,Furnishings,7,436.56,0.2,1711.32,1309.9,567.42
ORD-1149,2024-02-05,South,Chennai,Home Office,Technology,Phones,6,182.04,0.3,535.2,503.22,130.68
ORD-1150,2024-02-03,South,Chennai,Corporate,Technology,Accessories,3,305.18,0.3,448.62,450.96,94.96
ORD-1151,2024-02-20,South,Ahmedabad,Corporate,Office Supplies,Paper,11,462.84,0.15,3029.28,2844.05,741.75
ORD-1152,2024-02-09,East,Ahmedabad,Consumer,Office Supplies,Binders,2,239.77,0.2,383.63,199.92,183.71
ORD-1153,2024-02-03,North,Ahmedabad,Corporate,Furniture,Chairs,8,28.43,0,227.44,166.64,60.8
ORD-1154,2024-02-11,North,Mumbai,Corporate,Office Supplies,Paper,8,455.43,0.15,3096.92,2046.24,1050.68
ORD-1155,2024-02-23,West,Ahmedabad,Consumer,Office Supplies,Art,2,407.37,0.3,570.32,306.48,263.84
ORD-1156,2024-02-20,North,Chennai,Consumer,Office Supplies,Art,12,224.5,0.1,2424.6,1478.1,946.5
ORD-1157,2024-02-26,South,Pune,Corporate,Furniture,Bookcases,7,389.49,0.2,1526.8,1394.09,393.52
ORD-1158,2024-02-20,East,Pune,Consumer,Technology,Machines,5,133.48,0.3,467.18,309.57,157.61
ORD-1159,2024-02-13,South,Bangalore,Home Office,Furniture,Chairs,6,162.01,0.2,544.35,528.33,124.66
ORD-1160,2024-03-23,South,Pune,Corporate,Office Supplies,Storage,11,397.91,0.3,3063.91,1382.18,1681.73
ORD-1161,2024-03-11,North,Hyderabad,Home Office,Office Supplies,Paper,1,187.67,0,187.67,146.47,41.2
ORD-1162,2024-03-25,West,Bangalore,Consumer,Technology,Accessories,2,154.94,0.3,216.92,95.54,121.38
ORD-1163,2024-03-23,North,Bangalore,Home Office,Office Supplies,Binders,10,194.59,0,1945.9,919.12,1026.78
ORD-1164,2024-03-20,South,Pune,Consumer,Office Supplies,Paper,6,341.42,0,2048.52,1613.9,434.62
ORD-1165,2024-03-27,East,Chennai,Consumer,Office Supplies,Paper,5,483.14,0.3,1690.99,993.64,697.35
ORD-1166,2024-03-27,South,Kolkata,Corporate,Furniture,Furnishings,7,256.42,0.1,1615.45,1270.56,344.89
ORD-1167,2024-03-04,South,Mumbai,Corporate,Office Supplies,Art,11,245.49,0,2700.39,1679.15,1021.24
ORD-1168,2024-03-03,North,Kolkata,Consumer,Furniture,Chairs,8,453.6,0,3628.8,2657.8,971.0
ORD-1169,2024-03-03,South,Pune,Consumer,Furniture,Bookcases,1,204.26,0,204.26,100.97,103.29
ORD-1170,2024-03-02,East,Delhi,Corporate,Technology,Phones,12,328.48,0.3,2759.23,1264.89,1494.34
ORD-1171,2024-03-07,East,Ahmedabad,Home Office,Furniture,Tables,8,311.52,0,2492.16,1015.81,1476.35
ORD-1172,2024-03-21,South,Kolkata,Consumer,Office Supplies,Paper,4,157.56,0,630.24,312.21,318.03
ORD-1173,2024-03-10,West,Mumbai,Corporate,Technology,Phones,11,262.53,0,2887.83,1985.15,902.68
ORD-1174,2024-03-12,West,Pune,Consumer,Technology,Machines,3,335.54,0,1006.62,613.43,393.19
ORD-1175,2024-03-01,North,Ahmedabad,Corporate,Office Supplies,Storage,1,321.48,0,321.48,161.21,160.27
ORD-1176,2024-03-12,East,Delhi,Consumer,Technology,Machines,10,370.24,0,3702.4,1678.53,2023.87
ORD-1177,2024-03-03,East,Ahmedabad,Home Office,Office Supplies,Art,12,244.48,0,2933.76,2125.8,807.96
ORD-1178,2024-03-17,West,Mumbai,Consumer,Technology,Machines,4,444.04,0,1776.16,1373.59,402.57
ORD-1179,2024-03-02,West,Mumbai,Corporate,Office Supplies,Paper,11,103.64,0,1140.04,849.16,290.88
ORD-1180,2024-03-06,East,Pune,Corporate,Furniture,Chairs,7,374.22,0.1,2357.59,1262.76,1094.83
ORD-1181,2024-03-27,West,Kolkata,Corporate,Office Supplies,Paper,2,366.27,0,732.54,419.19,313.35
ORD-1182,2024-03-20,South,Delhi,Corporate,Office Supplies,Binders,2,170.68,0,341.36,178.39,162.97
ORD-1183,2024-03-14,West,Ahmedabad,Corporate,Technology,Copiers,1,366.14,0,366.14,236.5,129.64
ORD-1184,2024-03-01,East,Pune,Consumer,Office Supplies,Storage,6,261.41,0.2,1254.77,842.91,411.86
ORD-1185,2024-03-13,South,Bangalore,Consumer,Office Supplies,Paper,2,125.64,0.2,201.02,109.86,91.16
ORD-1186,2024-03-05,North,Ahmedabad,Home Office,Office Supplies,Art,6,192.29,0.3,807.62,347.89,459.73
ORD-1187,2024-03-16,East,Kolkata,Home Office,Furniture,Bookcases,4,480.65,0,1922.6,1334.8,587.8
ORD-1188,2024-03-16,West,Kolkata,Corporate,Office Supplies,Storage,12,228.67,0.15,2332.43,1199.41,1133.02
ORD-1189,2024-03-26,South,Ahmedabad,Consumer,Technology,Accessories,3,450.35,0.1,1215.95,971.43,244.52
ORD-1190,2024-03-23,East,Delhi,Home Office,Office Supplies,Binders,9,275.66,0,2480.94,1837.25,643.69
ORD-1191,2024-03-18,South,Chennai,Consumer,Furniture,Tables,3,126.0,0.1,340.2,139.66,200.54
ORD-1192,2024-03-17,East,Delhi,Home Office,Furniture,Tables,2,161.55,0.2,258.48,177.72,80.76
ORD-1193,2024-03-12,West,Hyderabad,Consumer,Furniture,Chairs,11,46.34,0.1,458.77,308.31,150.46
ORD-1194,2024-03-17,South,Pune,Consumer,Office Supplies,Art,9,456.25,0,4106.25,3008.06,1098.19
ORD-1195,2024-03-28,South,Hyderabad,Consumer,Furniture,Tables,12,120.48,0.15,1228.9,931.47,297.43
ORD-1196,2024-03-17,North,Kolkata,Home Office,Furniture,Tables,3,316.26,0.15,806.46,494.68,311.78
ORD-1197,2024-03-02,South,Hyderabad,Consumer,Office Supplies,Art,10,30.19,0.3,211.33,86.93,124.4
ORD-1198,2024-03-18,East,Pune,Home Office,Office Supplies,Art,10,323.11,0.1,2907.99,2197.27,710.72
ORD-1199,2024-03-02,East,Chennai,Corporate,Office Supplies,Binders,11,208.99,0.1,2069.0,887.99,1181.01
ORD-1200,2024-03-23,South,Ahmedabad,Corporate,Furniture,Furnishings,4,176.69,0,706.76,371.07,335.69
ORD-1201,2024-03-15,East,Bangalore,Corporate,Office Supplies,Binders,6,262.34,0,1574.04,830.54,743.5
ORD-1202,2024-03-14,North,Bangalore,Consumer,Furniture,Furnishings,2,34.8,0.1,62.64,46.71,15.93
ORD-1203,2024-03-15,South,Hyderabad,Home Office,Technology,Machines,4,383.93,0.1,1382.15,1103.49,278.66
ORD-1204,2024-03-12,West,Delhi,Consumer,Furniture,Furnishings,7,257.67,0,1803.69,876.7,926.99
ORD-1205,2024-03-05,North,Ahmedabad,Corporate,Technology,Machines,5,272.98,0.3,955.43,423.25,532.18
ORD-1206,2024-03-12,East,Hyderabad,Corporate,Office Supplies,Binders,1,206.28,0.15,175.34,109.54,65.8
ORD-1207,2024-03-04,East,Ahmedabad,Home Office,Technology,Copiers,9,147.06,0.15,1125.01,756.19,368.82
ORD-1208,2024-03-20,South,Hyderabad,Corporate,Technology,Copiers,9,470.08,0.3,2961.5,1355.5,1606.0
ORD-1209,2024-03-15,West,Mumbai,Consumer,Office Supplies,Storage,3,359.66,0.3,755.29,445.24,310.05
ORD-1210,2024-03-10,South,Hyderabad,Corporate,Office Supplies,Art,3,202.55,0.15,516.5,359.34,157.16
ORD-1211,2024-03-04,East,Kolkata,Home Office,Office Supplies,Paper,8,409.72,0,3277.76,1745.39,1532.37
ORD-1212,2024-03-25,West,Mumbai,Home Office,Office Supplies,Binders,10,242.55,0.2,1940.4,1383.82,556.58
ORD-1213,2024-03-27,South,Ahmedabad,Home Office,Office Supplies,Storage,3,266.87,0.2,640.49,414.97,225.52
ORD-1214,2024-03-14,West,Delhi,Consumer,Technology,Accessories,4,19.28,0,77.12,43.77,33.35
ORD-1215,2024-03-22,South,Mumbai,Home Office,Furniture,Furnishings,12,77.66,0,931.92,581.85,350.07
ORD-1216,2024-03-22,West,Bangalore,Corporate,Office Supplies,Paper,8,456.94,0,3655.52,2260.97,1394.55
ORD-1217,2024-03-10,East,Chennai,Consumer,Office Supplies,Paper,5,283.46,0,1417.3,1100.67,316.63
ORD-1218,2024-03-26,East,Ahmedabad,Home Office,Office Supplies,Art,6,245.1,0.15,1250.01,966.86,283.15
ORD-1219,2024-03-10,East,Pune,Home Office,Furniture,Chairs,7,411.0,0.3,2013.9,1453.73,560.17
ORD-1220,2024-03-27,North,Ahmedabad,Corporate,Furniture,Chairs,11,135.66,0.1,1343.03,652.17,690.86
ORD-1221,2024-03-22,East,Delhi,Consumer,Office Supplies,Binders,10,373.04,0,3730.4,1853.95,1876.45
ORD-1222,2024-03-25,South,Delhi,Consumer,Office Supplies,Art,7,171.84,0.1,1082.59,476.58,606.01
ORD-1223,2024-03-11,South,Ahmedabad,Corporate,Technology,Accessories,8,328.76,0.3,1841.06,1446.27,394.79
ORD-1224,2024-03-06,East,Chennai,Consumer,Office Supplies,Storage,9,371.96,0.3,2343.35,1815.32,528.03
ORD-1225,2024-03-02,West,Ahmedabad,Corporate,Technology,Phones,3,468.94,0.3,984.77,758.68,226.09
ORD-1226,2024-03-05,North,Kolkata,Corporate,Furniture,Chairs,8,494.66,0.15,3363.69,2050.93,1312.76
ORD-1227,2024-03-06,West,Hyderabad,Consumer,Furniture,Tables,3,368.25,0.2,883.8,444.47,439.33
ORD-1228,2024-03-27,North,Chennai,Corporate,Office Supplies,Binders,3,309.37,0.2,742.49,563.41,179.08
ORD-1229,2024-03-08,West,Pune,Consumer,Office Supplies,Binders,11,56.74,0,624.14,368.86,255.28
ORD-1230,2024-03-19,North,Ahmedabad,Consumer,Furniture,Furnishings,5,477.48,0,2387.4,1511.19,876.21
ORD-1231,2024-03-13,North,Chennai,Home Office,Furniture,Bookcases,1,337.22,0.1,303.5,158.65,144.85
ORD-1232,2024-03-16,East,Kolkata,Home Office,Office Supplies,Storage,6,311.17,0,1867.02,1461.77,405.25
ORD-1233,2024-03-08,South,Ahmedabad,Corporate,Furniture,Bookcases,9,402.98,0.3,2538.77,1237.31,1301.46
ORD-1234,2024-03-18,North,Hyderabad,Home Office,Office Supplies,Paper,2,459.45,0,918.9,390.26,528.64
ORD-1235,2024-03-19,South,Hyderabad,Consumer,Office Supplies,Art,9,226.5,0.2,1630.8,786.31,844.49
ORD-1236,2024-03-18,West,Ahmedabad,Consumer,Technology,Copiers,3,261.49,0.1,706.02,441.66,264.36
ORD-1237,2024-03-19,West,Mumbai,Home Office,Office Supplies,Binders,7,134.68,0,942.76,658.35,284.41
ORD-1238,2024-03-16,North,Delhi,Corporate,Technology,Copiers,9,497.12,0,4474.08,3554.45,919.63
ORD-1239,2024-03-12,North,Bangalore,Consumer,Furniture,Furnishings,11,489.38,0.2,4306.54,3382.84,923.7
ORD-1240,2024-04-21,West,Delhi,Corporate,Furniture,Furnishings,11,482.43,0.3,3714.71,2287.22,1427.49
ORD-1241,2024-04-25,East,Pune,Home Office,Technology,Accessories,9,72.4,0,651.6,478.23,173.37
ORD-1242,2024-04-12,North,Pune,Home Office,Furniture,Furnishings,9,195.85,0,1762.65,879.57,883.08
ORD-1243,2024-04-01,South,Delhi,Home Office,Furniture,Tables,1,406.64,0.1,365.98,236.41,129.57
ORD-1244,2024-04-08,South,Mumbai,Consumer,Technology,Phones,8,302.91,0.2,1938.62,1451.8,486.82
ORD-1245,2024-04-24,North,Chennai,Consumer,Furniture,Furnishings,1,78.67,0,78.67,38.84,39.83
ORD-1246,2024-04-10,East,Kolkata,Consumer,Office Supplies,Binders,3,492.99,0.15,1257.12,614.0,643.12
ORD-1247,2024-04-22,East,Pune,Home Office,Technology,Accessories,9,252.85,0,2275.65,1767.35,508.3
ORD-1248,2024-04-18,West,Pune,Home Office,Office Supplies,Binders,7,83.12,0.1,523.66,247.98,275.68
ORD-1249,2024-04-14,West,Bangalore,Corporate,Technology,Accessories,8,458.22,0.15,3115.9,1760.7,1355.2
ORD-1250,2024-04-03,South,Chennai,Corporate,Furniture,Tables,6,326.89,0.1,1765.21,1304.23,460.98
ORD-1251,2024-04-22,South,Mumbai,Corporate,Technology,Machines,2,102.2,0.3,143.08,90.86,52.22
ORD-1252,2024-04-04,South,Kolkata,Corporate,Furniture,Tables,1,113.79,0,113.79,89.31,24.48
ORD-1253,2024-04-18,West,Chennai,Corporate,Technology,Accessories,9,167.59,0,1508.31,832.99,675.32
ORD-1254,2024-04-27,East,Ahmedabad,Corporate,Furniture,Bookcases,8,58.32,0.2,373.25,219.39,153.86
ORD-1255,2024-04-01,East,Pune,Corporate,Technology,Machines,1,285.64,0,285.64,198.95,86.69
ORD-1256,2024-04-08,East,Bangalore,Corporate,Office Supplies,Paper,4,171.63,0.1,617.87,387.97,229.9
ORD-1257,2024-04-24,West,Ahmedabad,Corporate,Office Supplies,Binders,12,324.43,0.1,3503.84,2047.4,1456.44
ORD-1258,2024-04-02,East,Ahmedabad,Home Office,Technology,Accessories,3,459.28,0.15,1171.16,932.39,238.77
ORD-1259,2024-04-05,North,Pune,Consumer,Technology,Phones,3,422.85,0,1268.55,541.91,726.64
ORD-1260,2024-04-22,North,Mumbai,Corporate,Technology,Copiers,10,322.49,0.15,2741.16,2097.26,643.9
ORD-1261,2024-04-10,West,Pune,Home Office,Technology,Phones,1,18.2,0.2,14.56,7.42,7.14
ORD-1262,2024-04-17,North,Delhi,Consumer,Office Supplies,Paper,2,266.95,0,533.9,254.55,279.35
ORD-1263,2024-04-23,East,Delhi,Corporate,Furniture,Bookcases,6,480.06,0.1,2592.32,1622.79,969.53
ORD-1264,2024-04-02,South,Mumbai,Home Office,Furniture,Chairs,2,208.59,0.1,375.46,233.19,142.27
ORD-1265,2024-04-28,North,Ahmedabad,Consumer,Office Supplies,Art,7,326.0,0,2282.0,1429.31,852.69
ORD-1266,2024-04-03,North,Chennai,Consumer,Office Supplies,Storage,12,444.9,0.1,4804.92,2443.0,2361.92
ORD-1267,2024-04-27,East,Hyderabad,Consumer,Office Supplies,Storage,1,481.12,0.15,408.95,187.17,221.78
ORD-1268,2024-04-18,West,Chennai,Consumer,Technology,Machines,10,418.98,0.1,3770.82,2529.52,1241.3
ORD-1269,2024-04-14,East,Delhi,Home Office,Furniture,Tables,9,375.27,0,3377.43,1423.51,1953.92
ORD-1270,2024-04-15,South,Pune,Home Office,Technology,Machines,6,24.52,0,147.12,104.96,42.16
ORD-1271,2024-04-03,West,Pune,Home Office,Technology,Machines,7,101.01,0.15,601.01,399.23,201.78
ORD-1272,2024-04-24,East,Kolkata,Consumer,Technology,Phones,3,196.2,0.3,412.02,269.28,142.74
ORD-1273,2024-04-09,West,Delhi,Consumer,Furniture,Bookcases,1,472.05,0.1,424.85,231.1,193.75
ORD-1274,2024-04-01,North,Pune,Consumer,Technology,Phones,8,282.92,0.15,1923.86,1083.55,840.31
ORD-1275,2024-04-03,North,Hyderabad,Home Office,Furniture,Chairs,7,16.05,0.1,101.12,56.13,44.99
ORD-1276,2024-04-05,South,Pune,Home Office,Office Supplies,Art,3,78.03,0,234.09,118.77,115.32
ORD-1277,2024-04-08,North,Pune,Corporate,Technology,Copiers,5,247.27,0,1236.35,673.13,563.22
ORD-1278,2024-04-20,West,Delhi,Corporate,Office Supplies,Art,3,159.28,0.1,430.06,229.17,200.89
ORD-1279,2024-04-20,West,Pune,Corporate,Furniture,Furnishings,11,487.37,0,5361.07,2788.69,2572.38
ORD-1280,2024-04-19,South,Pune,Consumer,Furniture,Bookcases,6,152.81,0.2,733.49,479.09,254.4
ORD-1281,2024-04-18,South,Pune,Corporate,Furniture,Furnishings,6,65.81,0.15,335.63,161.08,174.55
ORD-1282,2024-04-23,South,Ahmedabad,Home Office,Office Supplies,Storage,12,112.73,0.3,946.93,489.12,457.81
ORD-1283,2024-04-26,North,Kolkata,Consumer,Furniture,Furnishings,4,133.81,0,535.24,367.23,168.01
ORD-1284,2024-04-28,West,Ahmedabad,Home Office,Technology,Copiers,10,206.39,0.15,1754.31,1349.76,404.55
ORD-1285,2024-04-06,West,Delhi,Corporate,Office Supplies,Storage,2,386.79,0.2,618.86,412.08,206.78
ORD-1286,2024-04-24,North,Pune,Corporate,Office Supplies,Paper,2,15.17,0,30.34,14.83,15.51
ORD-1287,2024-04-01,South,Ahmedabad,Corporate,Furniture,Bookcases,11,298.41,0.15,2790.13,1284.29,1505.84
ORD-1288,2024-04-10,West,Delhi,Corporate,Technology,Machines,2,417.35,0.2,667.76,304.95,362.81
ORD-1289,2024-04-15,East,Ahmedabad,Home Office,Furniture,Tables,6,243.32,0.1,1313.93,905.03,408.9
ORD-1290,2024-04-26,East,Delhi,Consumer,Technology,Machines,1,426.1,0.2,340.88,151.26,189.62
ORD-1291,2024-04-15,South,Bangalore,Home Office,Office Supplies,Art,9,88.47,0.15,676.8,386.15,290.65
ORD-1292,2024-04-15,South,Pune,Consumer,Furniture,Tables,7,24.3,0.15,144.58,108.9,35.68
ORD-1293,2024-04-03,West,Chennai,Home Office,Furniture,Chairs,4,146.39,0.2,468.45,338.92,129.53
ORD-1294,2024-04-16,North,Hyderabad,Corporate,Office Supplies,Art,4,234.2,0,936.8,626.05,310.75
ORD-1295,2024-04-20,East,Pune,Home Office,Office Supplies,Paper,10,65.97,0,659.7,487.0,172.7
ORD-1296,2024-04-04,South,Delhi,Home Office,Office Supplies,Binders,11,75.63,0,831.93,412.16,419.77
ORD-1297,2024-04-06,South,Pune,Home Office,Furniture,Tables,7,302.25,0.15,1798.39,995.38,803.01
ORD-1298,2024-04-15,West,Bangalore,Home Office,Office Supplies,Art,8,151.53,0,1212.24,637.43,574.81
ORD-1299,2024-04-16,North,Bangalore,Corporate,Furniture,Chairs,4,409.46,0.15,1392.16,838.32,553.84
ORD-1300,2024-04-25,West,Ahmedabad,Corporate,Office Supplies,Paper,8,91.95,0.15,625.26,257.82,367.44
ORD-1301,2024-04-24,South,Chennai,Corporate,Furniture,Chairs,9,151.45,0.3,954.13,556.19,397.94
ORD-1302,2024-04-18,West,Delhi,Home Office,Office Supplies,Storage,5,389.81,0.3,1364.33,1086.49,277.84
ORD-1303,2024-04-08,North,Chennai,Home Office,Office Supplies,Paper,7,60.18,0.3,294.88,195.05,99.83
ORD-1304,2024-04-08,East,Hyderabad,Corporate,Technology,Copiers,2,225.14,0,450.28,319.81,130.47
ORD-1305,2024-04-07,South,Pune,Home Office,Office Supplies,Binders,3,311.91,0.3,655.01,316.14,338.87
ORD-1306,2024-04-10,North,Kolkata,Home Office,Office Supplies,Binders,10,274.0,0,2740.0,2168.98,571.02
ORD-1307,2024-04-02,East,Delhi,Home Office,Office Supplies,Binders,3,481.76,0.3,1011.7,571.24,440.46
ORD-1308,2024-04-25,East,Bangalore,Home Office,Office Supplies,Art,4,81.66,0,326.64,238.9,87.74
ORD-1309,2024-04-26,West,Kolkata,Home Office,Furniture,Tables,11,212.97,0.1,2108.4,907.05,1201.35
ORD-1310,2024-04-28,North,Hyderabad,Home Office,Furniture,Bookcases,8,475.62,0,3804.96,2407.71,1397.25
ORD-1311,2024-04-14,North,Hyderabad,Home Office,Office Supplies,Paper,2,399.88,0.1,719.78,350.63,369.15
ORD-1312,2024-04-16,South,Kolkata,Corporate,Furniture,Bookcases,6,278.18,0,1669.08,1045.61,623.47
ORD-1313,2024-04-28,East,Delhi,Consumer,Office Supplies,Storage,11,394.11,0.1,3901.69,1586.09,2315.6
ORD-1314,2024-04-10,South,Pune,Consumer,Furniture,Furnishings,4,497.89,0,1991.56,1499.36,492.2
ORD-1315,2024-04-06,South,Hyderabad,Home Office,Furniture,Chairs,5,50.39,0.2,201.56,153.49,48.07
ORD-1316,2024-04-07,North,Chennai,Home Office,Furniture,Bookcases,7,331.19,0.2,1854.66,812.48,1042.18
ORD-1317,2024-04-11,West,Chennai,Home Office,Technology,Accessories,9,343.19,0,3088.71,1245.45,1843.26
ORD-1318,2024-04-04,North,Delhi,Corporate,Furniture,Tables,4,197.7,0.2,632.64,457.01,175.63
ORD-1319,2024-04-17,East,Pune,Consumer,Furniture,Bookcases,3,324.37,0.2,778.49,355.88,422.61
ORD-1320,2024-05-14,North,Hyderabad,Corporate,Office Supplies,Art,12,114.4,0.2,1098.24,505.79,592.45
ORD-1321,2024-05-14,West,Bangalore,Consumer,Technology,Phones,2,298.89,0.1,538.0,290.85,247.15
ORD-1322,2024-05-10,East,Delhi,Corporate,Technology,Accessories,4,281.16,0.15,955.94,658.14,297.8
ORD-1323,2024-05-26,North,Chennai,Consumer,Office Supplies,Binders,12,201.96,0.2,1938.82,817.85,1120.97
ORD-1324,2024-05-01,South,Chennai,Consumer,Furniture,Furnishings,8,322.66,0,2581.28,1577.97,1003.31
ORD-1325,2024-05-25,East,Pune,Corporate,Furniture,Tables,6,277.71,0,1666.26,1174.86,491.4
ORD-1326,2024-05-13,North,Kolkata,Consumer,Technology,Phones,4,29.52,0,118.08,92.04,26.04
ORD-1327,2024-05-09,East,Pune,Corporate,Office Supplies,Paper,2,323.86,0.15,550.56,355.89,194.67
ORD-1328,2024-05-25,North,Chennai,Home Office,Furniture,Chairs,3,272.83,0.1,736.64,467.45,269.19
ORD-1329,2024-05-20,North,Chennai,Home Office,Furniture,Furnishings,1,129.8,0.1,116.82,52.15,64.67
ORD-1330,2024-05-12,North,Mumbai,Consumer,Furniture,Tables,12,77.23,0,926.76,431.44,495.32
ORD-1331,2024-05-11,East,Kolkata,Consumer,Technology,Machines,12,444.34,0.3,3732.46,2836.52,895.94
ORD-1332,2024-05-28,West,Delhi,Corporate,Furniture,Chairs,8,233.05,0,1864.4,787.1,1077.3
ORD-1333,2024-05-17,South,Delhi,Corporate,Furniture,Tables,10,340.32,0,3403.2,1672.2,1731.0
ORD-1334,2024-05-28,North,Mumbai,Consumer,Technology,Phones,8,188.35,0,1506.8,710.58,796.22
ORD-1335,2024-05-27,North,Hyderabad,Consumer,Office Supplies,Paper,4,213.97,0.2,684.7,361.5,323.2
ORD-1336,2024-05-13,North,Mumbai,Consumer,Office Supplies,Binders,3,119.36,0.15,304.37,241.23,63.14
ORD-1337,2024-05-10,North,Hyderabad,Corporate,Furniture,Bookcases,2,281.01,0,562.02,307.74,254.28
ORD-1338,2024-05-24,East,Hyderabad,Corporate,Office Supplies,Art,10,486.21,0.3,3403.47,2417.67,985.8
ORD-1339,2024-05-01,South,Mumbai,Corporate,Technology,Phones,4,275.36,0.2,881.15,648.38,232.77
ORD-1340,2024-05-02,East,Kolkata,Home Office,Technology,Copiers,2,110.55,0,221.1,125.57,95.53
ORD-1341,2024-05-12,South,Mumbai,Consumer,Office Supplies,Binders,4,449.67,0.15,1528.88,864.16,664.72
ORD-1342,2024-05-19,West,Delhi,Home Office,Office Supplies,Storage,9,75.42,0.3,475.15,265.01,210.14
ORD-1343,2024-05-27,North,Kolkata,Consumer,Furniture,Tables,5,426.95,0.3,1494.32,832.61,661.71
ORD-1344,2024-05-19,East,Chennai,Corporate,Furniture,Furnishings,2,472.34,0,944.68,672.59,272.09
ORD-1345,2024-05-25,North,Ahmedabad,Consumer,Technology,Phones,8,163.88,0,1311.04,805.46,505.58
ORD-1346,2024-05-27,South,Kolkata,Corporate,Furniture,Bookcases,2,54.31,0.3,76.03,51.28,24.75
ORD-1347,2024-05-02,North,Delhi,Consumer,Technology,Machines,12,131.63,0,1579.56,882.18,697.38
ORD-1348,2024-05-15,East,Pune,Consumer,Furniture,Tables,8,282.42,0.15,1920.46,960.12,960.34
ORD-1349,2024-05-22,North,Mumbai,Consumer,Technology,Phones,4,74.05,0.3,207.34,116.16,91.18
ORD-1350,2024-05-05,North,Mumbai,Consumer,Office Supplies,Binders,2,106.9,0.2,171.04,98.75,72.29
ORD-1351,2024-05-24,North,Ahmedabad,Consumer,Furniture,Chairs,1,92.31,0.15,78.46,44.98,33.48
ORD-1352,2024-05-15,West,Pune,Corporate,Furniture,Chairs,3,183.43,0,550.29,280.64,269.65
ORD-1353,2024-05-03,South,Kolkata,Home Office,Technology,Accessories,8,211.88,0.15,1440.78,852.38,588.4
ORD-1354,2024-05-26,East,Chennai,Corporate,Furniture,Tables,11,443.48,0.15,4146.54,2071.86,2074.68
ORD-1355,2024-05-09,North,Ahmedabad,Corporate,Furniture,Bookcases,6,457.21,0.15,2331.77,1232.67,1099.1
ORD-1356,2024-05-26,South,Chennai,Home Office,Technology,Machines,1,448.92,0.3,314.24,161.01,153.23
ORD-1357,2024-05-18,West,Chennai,Home Office,Office Supplies,Binders,3,59.07,0.2,141.77,70.38,71.39
ORD-1358,2024-05-23,North,Bangalore,Corporate,Technology,Copiers,3,125.91,0,377.73,272.9,104.83
ORD-1359,2024-05-27,East,Hyderabad,Home Office,Office Supplies,Storage,10,286.17,0.15,2432.45,1895.72,536.73
ORD-1360,2024-05-01,West,Ahmedabad,Consumer,Office Supplies,Binders,1,54.23,0,54.23,34.74,19.49
ORD-1361,2024-05-28,West,Chennai,Home Office,Technology,Machines,3,176.97,0,530.91,407.48,123.43
ORD-1362,2024-05-03,East,Bangalore,Consumer,Technology,Phones,2,424.78,0.3,594.69,324.67,270.02
ORD-1363,2024-05-24,East,Delhi,Home Office,Office Supplies,Paper,6,157.86,0,947.16,748.58,198.58
ORD-1364,2024-05-20,West,Hyderabad,Home Office,Office Supplies,Paper,3,356.52,0.15,909.13,615.87,293.26
ORD-1365,2024-05-01,East,Kolkata,Corporate,Technology,Accessories,12,347.36,0,4168.32,1963.63,2204.69
ORD-1366,2024-05-16,West,Hyderabad,Consumer,Office Supplies,Storage,10,118.24,0.15,1005.04,443.87,561.17
ORD-1367,2024-05-22,South,Hyderabad,Consumer,Furniture,Chairs,6,92.26,0,553.56,403.36,150.2
ORD-1368,2024-05-04,East,Chennai,Corporate,Furniture,Chairs,4,349.66,0,1398.64,703.04,695.6
ORD-1369,2024-05-12,North,Pune,Corporate,Technology,Copiers,3,443.43,0.1,1197.26,901.19,296.07
ORD-1370,2024-05-10,West,Chennai,Home Office,Technology,Copiers,3,231.13,0.3,485.37,358.35,127.02
ORD-1371,2024-05-03,North,Delhi,Consumer,Furniture,Bookcases,6,93.35,0.1,504.09,234.08,270.01
ORD-1372,2024-05-14,North,Mumbai,Home Office,Furniture,Furnishings,7,471.8,0,3302.6,2123.33,1179.27
ORD-1373,2024-05-24,South,Chennai,Corporate,Technology,Phones,4,210.55,0.15,715.87,493.1,222.77
ORD-1374,2024-05-16,East,Chennai,Corporate,Office Supplies,Binders,2,34.32,0.15,58.34,36.16,22.18
ORD-1375,2024-05-16,South,Pune,Consumer,Technology,Machines,2,154.33,0.2,246.93,160.51,86.42
ORD-1376,2024-05-04,South,Bangalore,Consumer,Technology,Phones,11,152.99,0,1682.89,991.94,690.95
ORD-1377,2024-05-13,East,Kolkata,Corporate,Furniture,Furnishings,2,324.51,0.1,584.12,276.85,307.27
ORD-1378,2024-05-19,East,Kolkata,Consumer,Technology,Copiers,8,237.88,0,1903.04,1398.41,504.63
ORD-1379,2024-05-18,North,Hyderabad,Consumer,Technology,Phones,9,212.85,0.3,1340.95,852.7,488.25
ORD-1380,2024-05-13,North,Ahmedabad,Home Office,Furniture,Furnishings,10,442.01,0.1,3978.09,2066.78,1911.31
ORD-1381,2024-05-26,North,Ahmedabad,Consumer,Office Supplies,Art,3,475.04,0,1425.12,1124.23,300.89
ORD-1382,2024-05-27,South,Delhi,Corporate,Technology,Phones,11,223.34,0.3,1719.72,1119.35,600.37
ORD-1383,2024-05-17,East,Pune,Consumer,Furniture,Chairs,9,204.7,0,1842.3,1368.18,474.12
ORD-1384,2024-05-04,West,Pune,Consumer,Technology,Copiers,3,82.62,0.15,210.68,133.38,77.3
ORD-1385,2024-05-20,North,Hyderabad,Corporate,Office Supplies,Storage,7,139.43,0.2,780.81,463.98,316.83
ORD-1386,2024-05-02,West,Pune,Corporate,Technology,Accessories,3,312.94,0.2,751.06,508.82,242.24
ORD-1387,2024-05-26,West,Ahmedabad,Consumer,Furniture,Tables,5,449.55,0,2247.75,1202.88,1044.87
ORD-1388,2024-05-27,East,Delhi,Corporate,Furniture,Bookcases,4,75.85,0.2,242.72,140.11,102.61
ORD-1389,2024-05-16,East,Delhi,Home Office,Furniture,Furnishings,4,226.44,0.3,634.03,356.88,277.15
ORD-1390,2024-05-17,East,Kolkata,Consumer,Technology,Accessories,12,258.33,0,3099.96,2207.81,892.15
ORD-1391,2024-05-23,North,Mumbai,Consumer,Technology,Accessories,4,26.2,0,104.8,80.4,24.4
ORD-1392,2024-05-12,South,Pune,Corporate,Furniture,Bookcases,11,462.31,0.2,4068.33,1677.07,2391.26
ORD-1393,2024-05-09,West,Ahmedabad,Consumer,Office Supplies,Paper,10,280.15,0,2801.5,1303.83,1497.67
ORD-1394,2024-05-28,North,Mumbai,Corporate,Furniture,Chairs,3,428.37,0.3,899.58,707.04,192.54
ORD-1395,2024-05-25,South,Chennai,Home Office,Office Supplies,Art,5,329.28,0.15,1399.44,571.0,828.44
ORD-1396,2024-05-26,North,Bangalore,Home Office,Furniture,Tables,10,402.42,0,4024.2,2015.95,2008.25
ORD-1397,2024-05-22,East,Pune,Corporate,Office Supplies,Binders,6,234.91,0,1409.46,826.9,582.56
ORD-1398,2024-05-22,West,Hyderabad,Consumer,Office Supplies,Storage,9,327.2,0.15,2503.08,1284.26,1218.82
ORD-1399,2024-05-23,North,Kolkata,Corporate,Furniture,Chairs,11,169.32,0,1862.52,939.56,922.96
ORD-1400,2024-06-13,East,Chennai,Home Office,Technology,Accessories,1,404.66,0.3,283.26,205.08,78.18
ORD-1401,2024-06-14,East,Mumbai,Home Office,Office Supplies,Art,11,253.71,0,2790.81,1405.93,1384.88
ORD-1402,2024-06-21,West,Chennai,Home Office,Furniture,Chairs,6,366.01,0,2196.06,1481.3,714.76
ORD-1403,2024-06-04,West,Kolkata,Home Office,Office Supplies,Binders,3,421.91,0.15,1075.87,508.3,567.57
ORD-1404,2024-06-12,West,Bangalore,Home Office,Technology,Machines,11,450.8,0.2,3967.04,1728.52,2238.52
ORD-1405,2024-06-04,South,Hyderabad,Corporate,Office Supplies,Binders,6,137.67,0,826.02,483.64,342.38
ORD-1406,2024-06-10,West,Chennai,Corporate,Technology,Phones,9,68.71,0.2,494.71,273.41,221.3
ORD-1407,2024-06-15,West,Chennai,Consumer,Technology,Accessories,6,210.5,0.15,1073.55,812.83,260.72
ORD-1408,2024-06-02,South,Ahmedabad,Consumer,Furniture,Tables,6,319.21,0,1915.26,1006.21,909.05
ORD-1409,2024-06-25,North,Bangalore,Consumer,Furniture,Bookcases,10,384.6,0.1,3461.4,2471.73,989.67
ORD-1410,2024-06-02,North,Pune,Home Office,Technology,Copiers,7,220.22,0.1,1387.39,767.68,619.71
ORD-1411,2024-06-24,South,Hyderabad,Consumer,Office Supplies,Binders,9,103.38,0.2,744.34,298.96,445.38
ORD-1412,2024-06-03,South,Bangalore,Corporate,Technology,Machines,2,197.94,0.15,336.5,175.8,160.7
ORD-1413,2024-06-16,North,Hyderabad,Corporate,Furniture,Bookcases,7,445.11,0,3115.77,1673.46,1442.31
ORD-1414,2024-06-01,East,Mumbai,Corporate,Technology,Accessories,4,119.92,0,479.68,232.39,247.29
ORD-1415,2024-06-20,South,Mumbai,Home Office,Technology,Machines,7,439.51,0,3076.57,2179.75,896.82
ORD-1416,2024-06-14,North,Delhi,Home Office,Office Supplies,Storage,11,419.7,0,4616.7,3120.43,1496.27
ORD-1417,2024-06-21,West,Kolkata,Home Office,Furniture,Chairs,8,353.92,0,2831.36,1919.88,911.48
ORD-1418,2024-06-05,North,Delhi,Home Office,Furniture,Furnishings,11,264.95,0.15,2477.28,1591.04,886.24
ORD-1419,2024-06-09,West,Delhi,Corporate,Technology,Phones,2,253.89,0.15,431.61,207.13,224.48
ORD-1420,2024-06-16,South,Bangalore,Corporate,Furniture,Furnishings,1,278.59,0,278.59,188.13,90.46
ORD-1421,2024-06-03,East,Delhi,Consumer,Technology,Phones,2,419.26,0.2,670.82,400.91,269.91
ORD-1422,2024-06-02,North,Chennai,Corporate,Office Supplies,Storage,8,494.45,0,3955.6,2000.15,1955.45
ORD-1423,2024-06-28,North,Hyderabad,Corporate,Technology,Phones,11,163.23,0.2,1436.42,641.16,795.26
ORD-1424,2024-06-09,North,Bangalore,Home Office,Technology,Accessories,6,185.19,0.1,1000.03,782.06,217.97
ORD-1425,2024-06-13,North,Delhi,Consumer,Furniture,Bookcases,7,206.12,0.1,1298.56,660.62,637.94
ORD-1426,2024-06-14,West,Bangalore,Consumer,Furniture,Tables,12,365.94,0.3,3073.9,1425.55,1648.35
ORD-1427,2024-06-27,West,Pune,Consumer,Office Supplies,Paper,6,309.57,0.3,1300.19,876.05,424.14
ORD-1428,2024-06-01,South,Pune,Consumer,Furniture,Furnishings,8,32.53,0,260.24,172.28,87.96
ORD-1429,2024-06-22,South,Delhi,Home Office,Office Supplies,Binders,7,334.24,0,2339.68,1386.9,952.78
ORD-1430,2024-06-06,West,Bangalore,Consumer,Technology,Phones,9,425.93,0.3,2683.36,1605.55,1077.81
ORD-1431,2024-06-13,North,Hyderabad,Consumer,Furniture,Bookcases,5,34.67,0,173.35,107.51,65.84
ORD-1432,2024-06-11,West,Ahmedabad,Corporate,Technology,Phones,10,229.57,0.3,1606.99,963.2,643.79
ORD-1433,2024-06-03,North,Pune,Consumer,Furniture,Chairs,7,27.56,0.15,163.98,65.6,98.38
ORD-1434,2024-06-28,East,Ahmedabad,Home Office,Office Supplies,Art,6,188.04,0,1128.24,819.82,308.42
ORD-1435,2024-06-08,West,Hyderabad,Home Office,Furniture,Furnishings,12,231.74,0,2780.88,1956.98,823.9
ORD-1436,2024-06-06,North,Kolkata,Home Office,Furniture,Bookcases,9,265.77,0.2,1913.54,846.8,1066.74
ORD-1437,2024-06-13,West,Kolkata,Consumer,Technology,Copiers,10,106.0,0,1060.0,818.41,241.59
ORD-1438,2024-06-27,South,Hyderabad,Home Office,Furniture,Tables,2,381.0,0,762.0,587.24,174.76
ORD-1439,2024-06-14,North,Bangalore,Home Office,Furniture,Furnishings,8,12.13,0.2,77.63,32.56,45.07
ORD-1440,2024-06-20,West,Bangalore,Home Office,Office Supplies,Art,12,409.47,0,4913.64,2726.88,2186.76
ORD-1441,2024-06-15,East,Chennai,Corporate,Office Supplies,Paper,5,204.96,0,1024.8,807.74,217.06
ORD-1442,2024-06-18,South,Kolkata,Home Office,Technology,Copiers,12,278.42,0,3341.04,2287.78,1053.26
ORD-1443,2024-06-23,South,Kolkata,Home Office,Technology,Accessories,11,179.19,0.2,1576.87,714.43,862.44
ORD-1444,2024-06-22,South,Delhi,Home Office,Office Supplies,Binders,6,285.52,0.15,1456.15,914.83,541.32
ORD-1445,2024-06-22,West,Mumbai,Corporate,Office Supplies,Binders,9,62.17,0.1,503.58,230.71,272.87
ORD-1446,2024-06-26,North,Kolkata,Consumer,Technology,Machines,11,132.77,0.3,1022.33,434.3,588.03
ORD-1447,2024-06-28,East,Ahmedabad,Corporate,Technology,Phones,2,311.89,0.2,499.02,347.22,151.8
ORD-1448,2024-06-26,South,Kolkata,Consumer,Office Supplies,Paper,12,335.6,0.1,3624.48,2011.67,1612.81
ORD-1449,2024-06-15,East,Kolkata,Consumer,Office Supplies,Storage,4,314.08,0.3,879.42,654.44,224.98
ORD-1450,2024-06-22,South,Chennai,Home Office,Office Supplies,Binders,12,482.5,0,5790.0,3355.46,2434.54
ORD-1451,2024-06-05,North,Delhi,Home Office,Technology,Accessories,7,29.91,0,209.37,130.36,79.01
ORD-1452,2024-06-11,South,Hyderabad,Consumer,Office Supplies,Binders,8,357.75,0,2862.0,1190.52,1671.48
ORD-1453,2024-06-06,North,Hyderabad,Corporate,Office Supplies,Binders,2,394.18,0,788.36,481.02,307.34
ORD-1454,2024-06-11,North,Pune,Corporate,Office Supplies,Art,2,181.21,0,362.42,241.13,121.29
ORD-1455,2024-06-22,East,Ahmedabad,Home Office,Furniture,Tables,9,413.61,0.2,2977.99,1201.68,1776.31
ORD-1456,2024-06-26,East,Chennai,Home Office,Furniture,Tables,1,344.45,0,344.45,190.33,154.12
ORD-1457,2024-06-17,North,Kolkata,Home Office,Furniture,Bookcases,1,456.55,0.3,319.58,226.33,93.25
ORD-1458,2024-06-25,West,Chennai,Corporate,Furniture,Chairs,6,261.81,0,1570.86,733.53,837.33
ORD-1459,2024-06-27,North,Chennai,Consumer,Office Supplies,Storage,11,217.86,0,2396.46,1155.65,1240.81
ORD-1460,2024-06-03,West,Bangalore,Home Office,Office Supplies,Storage,1,235.02,0,235.02,97.57,137.45
ORD-1461,2024-06-15,North,Delhi,Home Office,Technology,Machines,10,412.59,0,4125.9,2323.1,1802.8
ORD-1462,2024-06-20,West,Pune,Consumer,Furniture,Bookcases,11,67.97,0,747.67,490.9,256.77
ORD-1463,2024-06-22,North,Delhi,Home Office,Office Supplies,Storage,6,464.74,0,2788.44,1438.65,1349.79
ORD-1464,2024-06-06,East,Ahmedabad,Corporate,Office Supplies,Storage,7,203.61,0.2,1140.22,470.14,670.08
ORD-1465,2024-06-26,South,Kolkata,Home Office,Technology,Copiers,11,80.6,0.2,709.28,535.36,173.92
ORD-1466,2024-06-03,East,Mumbai,Consumer,Technology,Accessories,1,290.63,0.1,261.57,160.83,100.74
ORD-1467,2024-06-08,East,Pune,Consumer,Technology,Machines,11,427.21,0,4699.31,2182.27,2517.04
ORD-1468,2024-06-22,East,Mumbai,Consumer,Technology,Phones,9,236.02,0.15,1805.55,775.05,1030.5
ORD-1469,2024-06-04,North,Ahmedabad,Consumer,Furniture,Chairs,6,185.0,0.2,888.0,588.02,299.98
ORD-1470,2024-06-23,East,Hyderabad,Consumer,Office Supplies,Storage,8,230.82,0.15,1569.58,1041.84,527.74
ORD-1471,2024-06-23,South,Pune,Corporate,Office Supplies,Binders,3,12.37,0,37.11,26.51,10.6
ORD-1472,2024-06-16,West,Hyderabad,Consumer,Furniture,Bookcases,8,236.8,0,1894.4,1344.85,549.55
ORD-1473,2024-06-03,North,Bangalore,Corporate,Technology,Phones,9,106.25,0.2,765.0,577.22,187.78
ORD-1474,2024-06-18,North,Pune,Home Office,Technology,Phones,10,114.25,0,1142.5,709.08,433.42
ORD-1475,2024-06-10,West,Pune,Corporate,Office Supplies,Art,4,446.8,0.15,1519.12,1053.19,465.93
ORD-1476,2024-06-26,South,Hyderabad,Corporate,Furniture,Chairs,9,15.19,0,136.71,101.06,35.65
ORD-1477,2024-06-05,South,Bangalore,Corporate,Office Supplies,Art,3,287.52,0.15,733.18,486.66,246.52
ORD-1478,2024-06-22,West,Ahmedabad,Consumer,Furniture,Chairs,4,40.8,0,163.2,80.56,82.64
ORD-1479,2024-06-11,South,Ahmedabad,Corporate,Office Supplies,Binders,8,441.96,0,3535.68,2801.09,734.59
ORD-1480,2024-07-13,North,Kolkata,Home Office,Office Supplies,Binders,10,276.73,0,2767.3,1523.85,1243.45
ORD-1481,2024-07-12,East,Kolkata,Home Office,Office Supplies,Storage,7,486.61,0,3406.27,2066.07,1340.2
ORD-1482,2024-07-03,East,Mumbai,Home Office,Furniture,Furnishings,9,442.2,0.1,3581.82,1670.0,1911.82
ORD-1483,2024-07-08,East,Bangalore,Consumer,Technology,Accessories,6,304.99,0.3,1280.96,573.01,707.95
ORD-1484,2024-07-14,West,Ahmedabad,Corporate,Furniture,Chairs,8,113.24,0,905.92,596.91,309.01
ORD-1485,2024-07-05,North,Bangalore,Consumer,Technology,Phones,3,318.47,0,955.41,722.59,232.82
ORD-1486,2024-07-24,North,Pune,Consumer,Technology,Machines,10,484.93,0.2,3879.44,1580.67,2298.77
ORD-1487,2024-07-05,East,Ahmedabad,Corporate,Technology,Accessories,8,93.58,0.3,524.05,295.72,228.33
ORD-1488,2024-07-13,South,Hyderabad,Consumer,Office Supplies,Binders,8,302.3,0,2418.4,1189.67,1228.73
ORD-1489,2024-07-20,South,Pune,Consumer,Technology,Phones,3,306.7,0,920.1,543.18,376.92
ORD-1490,2024-07-01,North,Ahmedabad,Consumer,Office Supplies,Storage,11,73.86,0.15,690.59,425.21,265.38
ORD-1491,2024-07-16,West,Mumbai,Corporate,Office Supplies,Paper,12,269.61,0,3235.32,2508.57,726.75
ORD-1492,2024-07-03,West,Bangalore,Corporate,Furniture,Chairs,5,243.8,0,1219.0,931.36,287.64
ORD-1493,2024-07-17,East,Chennai,Corporate,Office Supplies,Paper,1,357.48,0.3,250.24,100.81,149.43
ORD-1494,2024-07-05,North,Chennai,Corporate,Office Supplies,Storage,12,404.1,0.1,4364.28,2378.13,1986.15
ORD-1495,2024-07-13,West,Pune,Corporate,Office Supplies,Binders,10,189.17,0,1891.7,1507.15,384.55
ORD-1496,2024-07-19,South,Hyderabad,Consumer,Furniture,Furnishings,9,281.91,0,2537.19,2018.09,519.1
ORD-1497,2024-07-23,East,Bangalore,Home Office,Office Supplies,Paper,11,68.35,0,751.85,435.05,316.8
ORD-1498,2024-07-23,South,Pune,Home Office,Technology,Accessories,6,402.42,0.15,2052.34,1393.18,659.16
ORD-1499,2024-07-14,North,Mumbai,Home Office,Technology,Copiers,2,413.4,0.1,744.12,573.23,170.89
ORD-1500,2024-07-13,North,Hyderabad,Consumer,Technology,Machines,2,308.42,0.2,493.47,273.25,220.22
ORD-1501,2024-07-26,East,Ahmedabad,Consumer,Office Supplies,Storage,8,15.25,0.3,85.4,56.6,28.8
ORD-1502,2024-07-21,East,Chennai,Home Office,Technology,Phones,10,93.05,0,930.5,506.1,424.4
ORD-1503,2024-07-17,North,Pune,Corporate,Technology,Phones,6,338.13,0.1,1825.9,1158.41,667.49
ORD-1504,2024-07-27,North,Kolkata,Consumer,Office Supplies,Storage,12,416.58,0.15,4249.12,2291.29,1957.83
ORD-1505,2024-07-04,East,Pune,Corporate,Technology,Accessories,10,12.28,0,122.8,69.12,53.68
ORD-1506,2024-07-19,North,Delhi,Corporate,Office Supplies,Binders,9,478.79,0.15,3662.74,2656.43,1006.31
ORD-1507,2024-07-15,East,Ahmedabad,Corporate,Office Supplies,Paper,4,381.16,0.3,1067.25,622.78,444.47
ORD-1508,2024-07-08,North,Delhi,Corporate,Furniture,Chairs,7,320.49,0,2243.43,1504.81,738.62
ORD-1509,2024-07-13,East,Mumbai,Home Office,Furniture,Bookcases,12,417.77,0,5013.24,2581.4,2431.84
ORD-1510,2024-07-24,East,Hyderabad,Corporate,Technology,Accessories,6,117.1,0.15,597.21,303.16,294.05
ORD-1511,2024-07-27,South,Chennai,Consumer,Furniture,Tables,5,111.32,0,556.6,408.53,148.07
ORD-1512,2024-07-25,East,Delhi,Consumer,Technology,Phones,11,478.33,0.1,4735.47,3056.89,1678.58
ORD-1513,2024-07-16,North,Hyderabad,Home Office,Furniture,Bookcases,8,450.08,0.15,3060.54,2287.78,772.76
ORD-1514,2024-07-16,South,Chennai,Corporate,Office Supplies,Binders,10,72.84,0.15,619.14,445.6,173.54
ORD-1515,2024-07-11,North,Bangalore,Corporate,Office Supplies,Binders,8,488.49,0.2,3126.34,1898.57,1227.77
ORD-1516,2024-07-18,North,Delhi,Corporate,Technology,Accessories,6,187.19,0.3,786.2,396.15,390.05
ORD-1517,2024-07-23,East,Hyderabad,Corporate,Technology,Machines,6,100.12,0.1,540.65,261.79,278.86
ORD-1518,2024-07-27,East,Ahmedabad,Corporate,Furniture,Furnishings,3,289.99,0.15,739.47,498.7,240.77
ORD-1519,2024-07-05,North,Pune,Consumer,Office Supplies,Binders,7,106.07,0.3,519.74,407.3,112.44
ORD-1520,2024-07-18,West,Ahmedabad,Corporate,Technology,Accessories,3,497.83,0.3,1045.44,681.9,363.54
ORD-1521,2024-07-27,East,Mumbai,Corporate,Furniture,Bookcases,7,58.5,0,409.5,173.63,235.87
ORD-1522,2024-07-26,East,Hyderabad,Corporate,Furniture,Chairs,5,186.87,0.15,794.2,494.78,299.42
ORD-1523,2024-07-19,East,Delhi,Corporate,Furniture,Chairs,6,435.01,0.15,2218.55,1063.98,1154.57
ORD-1524,2024-07-10,South,Ahmedabad,Corporate,Furniture,Bookcases,12,229.0,0,2748.0,1518.07,1229.93
ORD-1525,2024-07-03,West,Hyderabad,Consumer,Office Supplies,Art,7,319.32,0.15,1899.95,1067.6,832.35
ORD-1526,2024-07-21,North,Hyderabad,Consumer,Technology,Machines,6,329.98,0.2,1583.9,803.02,780.88
ORD-1527,2024-07-24,West,Ahmedabad,Corporate,Furniture,Furnishings,7,91.99,0.3,450.75,184.47,266.28
ORD-1528,2024-07-16,South,Delhi,Home Office,Office Supplies,Binders,4,91.79,0,367.16,160.9,206.26
ORD-1529,2024-07-13,North,Delhi,Home Office,Technology,Copiers,2,138.6,0,277.2,120.23,156.97
ORD-1530,2024-07-06,East,Kolkata,Home Office,Technology,Accessories,8,316.98,0,2535.84,1548.63,987.21
ORD-1531,2024-07-18,North,Ahmedabad,Corporate,Technology,Machines,8,487.74,0.15,3316.63,2566.88,749.75
ORD-1532,2024-07-21,West,Ahmedabad,Home Office,Technology,Accessories,11,376.97,0.15,3524.67,2023.13,1501.54
ORD-1533,2024-07-05,East,Chennai,Home Office,Furniture,Furnishings,2,226.51,0,453.02,255.9,197.12
ORD-1534,2024-07-16,East,Bangalore,Home Office,Technology,Phones,6,150.51,0.15,767.6,309.59,458.01
ORD-1535,2024-07-07,West,Kolkata,Corporate,Furniture,Chairs,10,123.3,0,1233.0,763.58,469.42
ORD-1536,2024-07-13,West,Chennai,Corporate,Office Supplies,Paper,3,360.32,0.2,864.77,480.72,384.05
ORD-1537,2024-07-22,South,Chennai,Corporate,Furniture,Chairs,9,384.62,0.15,2942.34,2127.4,814.94
ORD-1538,2024-07-15,East,Chennai,Corporate,Furniture,Bookcases,2,99.38,0,198.76,88.28,110.48
ORD-1539,2024-07-04,West,Hyderabad,Consumer,Furniture,Furnishings,1,84.55,0.15,71.87,29.38,42.49
ORD-1540,2024-07-16,East,Ahmedabad,Home Office,Furniture,Tables,12,14.02,0,168.24,77.44,90.8
ORD-1541,2024-07-03,South,Ahmedabad,Corporate,Furniture,Furnishings,6,237.21,0.3,996.28,411.16,585.12
ORD-1542,2024-07-09,South,Delhi,Corporate,Technology,Machines,9,240.37,0,2163.33,1640.41,522.92
ORD-1543,2024-07-02,West,Chennai,Home Office,Technology,Phones,7,387.9,0.1,2443.77,1219.11,1224.66
ORD-1544,2024-07-06,South,Chennai,Home Office,Furniture,Chairs,8,200.67,0,1605.36,1243.33,362.03
ORD-1545,2024-07-28,North,Ahmedabad,Corporate,Office Supplies,Storage,11,156.42,0,1720.62,1299.08,421.54
ORD-1546,2024-07-04,South,Pune,Home Office,Technology,Accessories,6,17.38,0.3,73.0,37.26,35.74
ORD-1547,2024-07-08,West,Ahmedabad,Consumer,Technology,Phones,12,302.14,0,3625.68,2568.14,1057.54
ORD-1548,2024-07-23,South,Hyderabad,Home Office,Furniture,Chairs,11,39.43,0,433.73,285.32,148.41
ORD-1549,2024-07-15,North,Hyderabad,Consumer,Technology,Copiers,9,396.4,0.3,2497.32,1345.87,1151.45
ORD-1550,2024-07-18,South,Bangalore,Corporate,Technology,Copiers,5,450.34,0.1,2026.53,1383.41,643.12
ORD-1551,2024-07-28,East,Bangalore,Consumer,Office Supplies,Paper,9,180.36,0.2,1298.59,762.74,535.85
ORD-1552,2024-07-21,South,Kolkata,Corporate,Technology,Accessories,5,275.39,0.1,1239.25,496.06,743.19
ORD-1553,2024-07-18,West,Hyderabad,Consumer,Office Supplies,Art,10,127.01,0.2,1016.08,432.18,583.9
ORD-1554,2024-07-04,West,Bangalore,Home Office,Technology,Copiers,10,148.73,0.1,1338.57,878.59,459.98
ORD-1555,2024-07-07,North,Bangalore,Consumer,Office Supplies,Storage,3,438.01,0,1314.03,581.88,732.15
ORD-1556,2024-07-12,North,Ahmedabad,Home Office,Technology,Copiers,9,315.75,0.15,2415.49,1213.48,1202.01
ORD-1557,2024-07-26,South,Chennai,Consumer,Office Supplies,Storage,11,250.79,0.3,1931.08,834.19,1096.89
ORD-1558,2024-07-27,North,Mumbai,Corporate,Furniture,Furnishings,10,140.25,0,1402.5,972.94,429.56
ORD-1559,2024-07-07,East,Delhi,Home Office,Technology,Accessories,2,365.33,0.15,621.06,344.15,276.91
ORD-1560,2024-08-22,South,Pune,Home Office,Office Supplies,Art,12,61.7,0.2,592.32,373.53,218.79
ORD-1561,2024-08-06,West,Bangalore,Consumer,Office Supplies,Paper,3,279.48,0.15,712.67,381.28,331.39
ORD-1562,2024-08-24,West,Hyderabad,Home Office,Furniture,Bookcases,6,212.05,0.2,1017.84,582.44,435.4
ORD-1563,2024-08-15,East,Chennai,Home Office,Office Supplies,Art,7,385.2,0.2,2157.12,1082.09,1075.03
ORD-1564,2024-08-10,West,Mumbai,Home Office,Furniture,Chairs,5,301.92,0.15,1283.16,582.6,700.56
ORD-1565,2024-08-18,North,Hyderabad,Consumer,Furniture,Tables,1,388.05,0.2,310.44,226.29,84.15
ORD-1566,2024-08-08,South,Hyderabad,Corporate,Technology,Phones,3,77.82,0,233.46,176.46,57.0
ORD-1567,2024-08-11,South,Pune,Consumer,Furniture,Bookcases,10,459.76,0.2,3678.08,1584.81,2093.27
ORD-1568,2024-08-19,West,Delhi,Home Office,Technology,Copiers,10,324.7,0,3247.0,2247.95,999.05
ORD-1569,2024-08-25,West,Hyderabad,Corporate,Technology,Phones,7,214.1,0.3,1049.09,470.22,578.87
ORD-1570,2024-08-19,South,Pune,Home Office,Office Supplies,Storage,1,159.34,0,159.34,84.09,75.25
ORD-1571,2024-08-25,South,Mumbai,Consumer,Furniture,Tables,11,368.47,0.1,3647.85,2876.02,771.83
ORD-1572,2024-08-24,North,Pune,Corporate,Technology,Copiers,3,74.77,0,224.31,132.42,91.89
ORD-1573,2024-08-25,North,Delhi,Corporate,Office Supplies,Paper,7,255.89,0.3,1253.86,851.56,402.3
ORD-1574,2024-08-24,South,Pune,Corporate,Furniture,Tables,11,289.95,0.15,2711.03,1752.41,958.62
ORD-1575,2024-08-22,South,Pune,Corporate,Technology,Phones,6,345.52,0.15,1762.15,768.01,994.14
ORD-1576,2024-08-10,West,Chennai,Corporate,Furniture,Bookcases,6,178.82,0.2,858.34,351.65,506.69
ORD-1577,2024-08-22,South,Bangalore,Home Office,Furniture,Furnishings,8,31.99,0.3,179.14,88.39,90.75
ORD-1578,2024-08-27,East,Mumbai,Consumer,Technology,Phones,4,474.98,0,1899.92,1420.19,479.73
ORD-1579,2024-08-24,East,Delhi,Home Office,Technology,Machines,5,230.53,0,1152.65,614.08,538.57
ORD-1580,2024-08-22,South,Ahmedabad,Home Office,Technology,Machines,10,367.66,0,3676.6,2492.84,1183.76
ORD-1581,2024-08-09,North,Bangalore,Corporate,Furniture,Chairs,1,149.17,0.3,104.42,70.86,33.56
ORD-1582,2024-08-12,North,Pune,Consumer,Furniture,Chairs,11,142.94,0.3,1100.64,842.15,258.49
ORD-1583,2024-08-04,North,Pune,Home Office,Technology,Machines,4,490.1,0.15,1666.34,1317.48,348.86
ORD-1584,2024-08-01,East,Chennai,Consumer,Furniture,Chairs,9,483.73,0.15,3700.53,2851.41,849.12
ORD-1585,2024-08-12,North,Ahmedabad,Corporate,Technology,Machines,7,374.75,0,2623.25,1413.18,1210.07
ORD-1586,2024-08-27,East,Kolkata,Consumer,Office Supplies,Binders,1,316.64,0.1,284.98,215.49,69.49
ORD-1587,2024-08-24,North,Bangalore,Consumer,Office Supplies,Binders,6,449.62,0.2,2158.18,981.77,1176.41
ORD-1588,2024-08-11,West,Chennai,Corporate,Office Supplies,Art,10,84.85,0,848.5,648.16,200.34
ORD-1589,2024-08-05,West,Bangalore,Consumer,Office Supplies,Art,10,275.26,0.3,1926.82,926.65,1000.17
ORD-1590,2024-08-18,East,Bangalore,Corporate,Office Supplies,Art,11,467.18,0,5138.98,2708.23,2430.75
ORD-1591,2024-08-10,North,Mumbai,Consumer,Technology,Machines,6,441.26,0.1,2382.8,1869.26,513.54
ORD-1592,2024-08-20,West,Chennai,Consumer,Office Supplies,Binders,2,74.46,0,148.92,104.99,43.93
ORD-1593,2024-08-25,East,Chennai,Home Office,Office Supplies,Art,4,346.82,0,1387.28,599.01,788.27
ORD-1594,2024-08-06,West,Hyderabad,Home Office,Technology,Copiers,3,427.54,0.1,1154.36,680.54,473.82
ORD-1595,2024-08-07,South,Mumbai,Corporate,Technology,Phones,5,475.6,0,2378.0,1657.34,720.66
ORD-1596,2024-08-14,South,Ahmedabad,Corporate,Technology,Accessories,12,169.2,0.1,1827.36,1379.72,447.64
ORD-1597,2024-08-18,West,Hyderabad,Home Office,Technology,Copiers,7,309.64,0.2,1733.98,1090.28,643.7
ORD-1598,2024-08-13,North,Ahmedabad,Corporate,Office Supplies,Storage,1,440.11,0,440.11,267.36,172.75
ORD-1599,2024-08-25,North,Mumbai,Home Office,Office Supplies,Paper,4,152.68,0.1,549.65,414.3,135.35
ORD-1600,2024-08-05,East,Kolkata,Corporate,Furniture,Tables,10,460.33,0.2,3682.64,2234.58,1448.06
ORD-1601,2024-08-13,West,Delhi,Consumer,Office Supplies,Paper,3,391.58,0.2,939.79,581.32,358.47
ORD-1602,2024-08-15,West,Bangalore,Consumer,Furniture,Furnishings,8,299.25,0.2,1915.2,1452.33,462.87
ORD-1603,2024-08-15,North,Bangalore,Home Office,Furniture,Bookcases,12,369.3,0,4431.6,1975.01,2456.59
ORD-1604,2024-08-11,East,Bangalore,Home Office,Technology,Copiers,7,279.67,0,1957.69,1384.68,573.01
ORD-1605,2024-08-15,South,Mumbai,Consumer,Technology,Accessories,7,160.95,0.2,901.32,637.64,263.68
ORD-1606,2024-08-15,East,Bangalore,Consumer,Office Supplies,Art,4,11.73,0.3,32.84,16.46,16.38
ORD-1607,2024-08-14,West,Ahmedabad,Home Office,Furniture,Chairs,4,116.27,0.2,372.06,219.62,152.44
ORD-1608,2024-08-02,West,Kolkata,Consumer,Technology,Phones,10,318.03,0.3,2226.21,1625.36,600.85
ORD-1609,2024-08-27,South,Hyderabad,Home Office,Technology,Phones,1,81.23,0,81.23,54.16,27.07
ORD-1610,2024-08-20,East,Delhi,Consumer,Furniture,Chairs,7,496.93,0,3478.51,2326.55,1151.96
ORD-1611,2024-08-25,South,Delhi,Consumer,Furniture,Bookcases,5,168.18,0.1,756.81,551.04,205.77
ORD-1612,2024-08-17,West,Ahmedabad,Corporate,Office Supplies,Storage,3,69.79,0.3,146.56,74.71,71.85
ORD-1613,2024-08-21,West,Chennai,Home Office,Office Supplies,Art,10,38.51,0.15,327.33,226.48,100.85
ORD-1614,2024-08-05,North,Hyderabad,Corporate,Furniture,Bookcases,5,267.44,0.15,1136.62,615.53,521.09
ORD-1615,2024-08-01,West,Bangalore,Corporate,Office Supplies,Paper,10,124.03,0,1240.3,981.95,258.35
ORD-1616,2024-08-14,North,Delhi,Home Office,Technology,Copiers,12,425.55,0.3,3574.62,2309.64,1264.98
ORD-1617,2024-08-26,West,Chennai,Corporate,Technology,Machines,1,323.9,0.2,259.12,132.84,126.28
ORD-1618,2024-08-24,North,Hyderabad,Home Office,Furniture,Bookcases,1,65.78,0,65.78,35.29,30.49
ORD-1619,2024-08-21,North,Hyderabad,Corporate,Technology,Accessories,11,244.76,0.1,2423.12,1741.99,681.13
ORD-1620,2024-08-14,South,Ahmedabad,Home Office,Furniture,Tables,9,449.01,0.1,3636.98,2595.33,1041.65
ORD-1621,2024-08-11,North,Hyderabad,Home Office,Office Supplies,Binders,9,272.58,0,2453.22,1547.88,905.34
ORD-1622,2024-08-06,East,Mumbai,Corporate,Technology,Accessories,6,491.97,0.2,2361.46,1449.25,912.21
ORD-1623,2024-08-08,West,Hyderabad,Corporate,Technology,Phones,12,25.5,0.1,275.4,119.72,155.68
ORD-1624,2024-08-07,East,Kolkata,Consumer,Furniture,Bookcases,3,64.99,0.3,136.48,56.63,79.85
ORD-1625,2024-08-17,North,Bangalore,Corporate,Furniture,Chairs,4,176.66,0.1,635.98,440.72,195.26
ORD-1626,2024-08-28,East,Bangalore,Consumer,Furniture,Tables,4,365.04,0.1,1314.14,729.39,584.75
ORD-1627,2024-08-25,North,Delhi,Consumer,Technology,Machines,6,238.77,0,1432.62,632.13,800.49
ORD-1628,2024-08-11,East,Chennai,Home Office,Technology,Machines,6,108.27,0,649.62,331.73,317.89
ORD-1629,2024-08-18,West,Bangalore,Corporate,Office Supplies,Storage,3,144.08,0,432.24,338.58,93.66
ORD-1630,2024-08-19,North,Hyderabad,Home Office,Technology,Machines,5,79.36,0.2,317.44,229.07,88.37
ORD-1631,2024-08-22,South,Hyderabad,Corporate,Technology,Phones,9,227.39,0,2046.51,842.34,1204.17
ORD-1632,2024-08-19,North,Delhi,Consumer,Technology,Copiers,7,202.04,0.2,1131.42,722.35,409.07
ORD-1633,2024-08-03,West,Hyderabad,Corporate,Office Supplies,Binders,4,359.32,0.2,1149.82,832.15,317.67
ORD-1634,2024-08-25,West,Ahmedabad,Consumer,Office Supplies,Art,2,233.24,0.2,373.18,245.47,127.71
ORD-1635,2024-08-23,West,Bangalore,Consumer,Furniture,Tables,10,136.45,0,1364.5,759.8,604.7
ORD-1636,2024-08-28,East,Mumbai,Corporate,Furniture,Furnishings,2,242.91,0,485.82,287.34,198.48
ORD-1637,2024-08-04,South,Bangalore,Home Office,Furniture,Bookcases,9,60.44,0.3,380.77,261.1,119.67
ORD-1638,2024-08-18,East,Ahmedabad,Corporate,Office Supplies,Storage,7,299.36,0,2095.52,1358.63,736.89
ORD-1639,2024-08-14,South,Hyderabad,Consumer,Furniture,Furnishings,4,408.82,0.15,1389.99,795.71,594.28
ORD-1640,2024-09-04,East,Delhi,Consumer,Office Supplies,Art,12,466.12,0.15,4754.42,3493.07,1261.35
ORD-1641,2024-09-22,West,Bangalore,Corporate,Furniture,Chairs,5,478.38,0,2391.9,1529.15,862.75
ORD-1642,2024-09-25,West,Mumbai,Home Office,Furniture,Furnishings,2,116.63,0,233.26,176.09,57.17
ORD-1643,2024-09-22,North,Kolkata,Corporate,Technology,Accessories,7,311.63,0.1,1963.27,938.97,1024.3
ORD-1644,2024-09-13,East,Hyderabad,Corporate,Furniture,Bookcases,2,295.54,0.15,502.42,399.21,103.21
ORD-1645,2024-09-04,South,Mumbai,Corporate,Furniture,Chairs,1,354.64,0.3,248.25,196.48,51.77
ORD-1646,2024-09-14,East,Pune,Corporate,Technology,Accessories,11,165.88,0.1,1642.21,923.6,718.61
ORD-1647,2024-09-27,South,Bangalore,Corporate,Office Supplies,Art,4,282.16,0.3,790.05,608.17,181.88
ORD-1648,2024-09-24,West,Bangalore,Home Office,Technology,Machines,3,15.69,0.2,37.66,15.3,22.36
ORD-1649,2024-09-26,West,Delhi,Consumer,Office Supplies,Paper,3,324.7,0.1,876.69,652.31,224.38
ORD-1650,2024-09-06,West,Pune,Corporate,Office Supplies,Art,9,411.83,0.1,3335.82,1808.42,1527.4
ORD-1651,2024-09-18,West,Ahmedabad,Home Office,Office Supplies,Storage,12,126.01,0.15,1285.3,652.55,632.75
ORD-1652,2024-09-23,East,Ahmedabad,Home Office,Technology,Phones,12,190.6,0.15,1944.12,1152.11,792.01
ORD-1653,2024-09-21,North,Delhi,Corporate,Technology,Machines,9,446.06,0,4014.54,1999.61,2014.93
ORD-1654,2024-09-17,North,Mumbai,Home Office,Office Supplies,Binders,6,272.17,0,1633.02,959.48,673.54
ORD-1655,2024-09-20,West,Hyderabad,Corporate,Office Supplies,Binders,5,151.71,0,758.55,514.31,244.24
ORD-1656,2024-09-10,East,Ahmedabad,Consumer,Office Supplies,Binders,10,92.85,0,928.5,615.16,313.34
ORD-1657,2024-09-05,North,Bangalore,Consumer,Furniture,Furnishings,9,47.66,0.3,300.26,153.47,146.79
ORD-1658,2024-09-22,East,Delhi,Consumer,Furniture,Bookcases,10,95.56,0.15,812.26,565.0,247.26
ORD-1659,2024-09-11,West,Chennai,Corporate,Furniture,Tables,8,98.6,0.15,670.48,499.38,171.1
ORD-1660,2024-09-06,North,Pune,Corporate,Technology,Accessories,7,126.59,0.1,797.52,550.61,246.91
ORD-1661,2024-09-10,South,Kolkata,Consumer,Office Supplies,Binders,2,35.74,0.1,64.33,35.99,28.34
ORD-1662,2024-09-01,West,Pune,Corporate,Office Supplies,Art,8,138.69,0.15,943.09,705.54,237.55
ORD-1663,2024-09-18,East,Hyderabad,Home Office,Furniture,Furnishings,9,344.61,0,3101.49,1361.39,1740.1
ORD-1664,2024-09-13,East,Kolkata,Corporate,Furniture,Bookcases,5,403.14,0,2015.7,1333.86,681.84
ORD-1665,2024-09-11,West,Chennai,Home Office,Office Supplies,Art,9,175.33,0.2,1262.38,1006.48,255.9
ORD-1666,2024-09-12,North,Mumbai,Consumer,Office Supplies,Storage,7,57.87,0,405.09,273.11,131.98
ORD-1667,2024-09-20,South,Chennai,Corporate,Office Supplies,Binders,1,21.61,0,21.61,9.14,12.47
ORD-1668,2024-09-25,South,Delhi,Home Office,Office Supplies,Storage,2,429.66,0,859.32,472.96,386.36
ORD-1669,2024-09-09,South,Kolkata,Corporate,Technology,Accessories,8,333.63,0,2669.04,1749.59,919.45
ORD-1670,2024-09-11,West,Bangalore,Corporate,Office Supplies,Binders,2,145.87,0,291.74,161.37,130.37
ORD-1671,2024-09-06,North,Ahmedabad,Consumer,Furniture,Bookcases,2,250.94,0,501.88,323.27,178.61
ORD-1672,2024-09-23,West,Pune,Home Office,Technology,Accessories,4,310.84,0,1243.36,951.22,292.14
ORD-1673,2024-09-16,East,Delhi,Consumer,Technology,Phones,10,366.5,0.3,2565.5,1483.76,1081.74
ORD-1674,2024-09-19,South,Pune,Consumer,Office Supplies,Storage,5,84.29,0,421.45,321.08,100.37
ORD-1675,2024-09-03,North,Pune,Corporate,Office Supplies,Paper,7,423.58,0.3,2075.54,1504.58,570.96
ORD-1676,2024-09-10,South,Ahmedabad,Home Office,Technology,Copiers,2,287.95,0,575.9,307.17,268.73
ORD-1677,2024-09-21,West,Hyderabad,Corporate,Technology,Phones,2,422.18,0.3,591.05,417.64,173.41
ORD-1678,2024-09-12,South,Chennai,Corporate,Technology,Phones,5,350.98,0,1754.9,1144.63,610.27
ORD-1679,2024-09-19,West,Chennai,Home Office,Technology,Copiers,3,27.49,0,82.47,56.73,25.74
ORD-1680,2024-09-01,South,Kolkata,Consumer,Furniture,Furnishings,8,271.63,0.3,1521.13,1102.38,418.75
ORD-1681,2024-09-17,North,Mumbai,Corporate,Furniture,Chairs,7,67.91,0.3,332.76,220.13,112.63
ORD-1682,2024-09-01,West,Chennai,Home Office,Office Supplies,Art,2,28.07,0,56.14,33.43,22.71
ORD-1683,2024-09-27,West,Bangalore,Consumer,Office Supplies,Storage,1,94.4,0,94.4,71.92,22.48
ORD-1684,2024-09-08,North,Delhi,Home Office,Furniture,Tables,2,65.95,0.15,112.11,80.68,31.43
ORD-1685,2024-09-05,North,Pune,Corporate,Technology,Copiers,6,69.19,0.2,332.11,209.36,122.75
ORD-1686,2024-09-14,East,Bangalore,Home Office,Technology,Phones,6,40.98,0,245.88,112.24,133.64
ORD-1687,2024-09-04,South,Bangalore,Home Office,Office Supplies,Binders,8,129.39,0.15,879.85,366.26,513.59
ORD-1688,2024-09-19,West,Delhi,Corporate,Technology,Phones,1,13.54,0,13.54,9.24,4.3
ORD-1689,2024-09-14,East,Bangalore,Home Office,Furniture,Furnishings,4,80.11,0,320.44,195.22,125.22
ORD-1690,2024-09-26,South,Bangalore,Home Office,Technology,Phones,12,254.94,0,3059.28,1991.21,1068.07
ORD-1691,2024-09-20,East,Chennai,Consumer,Furniture,Furnishings,4,67.58,0.15,229.77,181.68,48.09
ORD-1692,2024-09-22,East,Chennai,Corporate,Office Supplies,Art,5,36.0,0,180.0,129.36,50.64
ORD-1693,2024-09-09,West,Mumbai,Consumer,Furniture,Tables,1,325.98,0,325.98,157.72,168.26
ORD-1694,2024-09-26,East,Delhi,Consumer,Office Supplies,Paper,12,35.7,0.15,364.14,171.28,192.86
ORD-1695,2024-09-07,North,Chennai,Consumer,Furniture,Chairs,12,227.96,0.15,2325.19,1233.26,1091.93
ORD-1696,2024-09-13,East,Chennai,Corporate,Technology,Phones,2,126.19,0.1,227.14,169.89,57.25
ORD-1697,2024-09-20,South,Ahmedabad,Home Office,Technology,Copiers,1,446.34,0,446.34,217.13,229.21
ORD-1698,2024-09-09,West,Bangalore,Corporate,Technology,Copiers,8,362.71,0.2,2321.34,1261.5,1059.84
ORD-1699,2024-09-14,South,Mumbai,Consumer,Furniture,Tables,5,76.89,0.3,269.11,157.76,111.35
ORD-1700,2024-09-18,South,Bangalore,Corporate,Furniture,Tables,11,476.85,0,5245.35,3311.12,1934.23
ORD-1701,2024-09-01,South,Ahmedabad,Home Office,Technology,Copiers,4,299.87,0.3,839.64,491.28,348.36
ORD-1702,2024-09-19,West,Hyderabad,Consumer,Office Supplies,Art,7,293.94,0.15,1748.94,1361.55,387.39
ORD-1703,2024-09-13,North,Ahmedabad,Consumer,Furniture,Chairs,12,386.62,0,4639.44,2645.78,1993.66
ORD-1704,2024-09-24,West,Ahmedabad,Corporate,Office Supplies,Storage,4,50.71,0.3,141.99,57.5,84.49
ORD-1705,2024-09-22,West,Kolkata,Corporate,Technology,Accessories,4,327.34,0,1309.36,532.09,777.27
ORD-1706,2024-09-13,East,Mumbai,Home Office,Technology,Copiers,8,237.24,0,1897.92,1422.83,475.09
ORD-1707,2024-09-02,South,Mumbai,Home Office,Furniture,Furnishings,11,44.64,0.2,392.83,209.44,183.39
ORD-1708,2024-09-02,East,Chennai,Home Office,Furniture,Bookcases,11,49.67,0,546.37,379.35,167.02
ORD-1709,2024-09-21,East,Hyderabad,Corporate,Technology,Phones,8,313.38,0,2507.04,1370.28,1136.76
ORD-1710,2024-09-25,North,Hyderabad,Consumer,Office Supplies,Art,4,274.42,0.2,878.14,519.33,358.81
ORD-1711,2024-09-03,South,Hyderabad,Corporate,Office Supplies,Art,5,256.75,0.1,1155.38,590.24,565.14
ORD-1712,2024-09-10,East,Delhi,Corporate,Furniture,Furnishings,8,357.81,0.2,2289.98,1672.03,617.95
ORD-1713,2024-09-13,West,Delhi,Home Office,Office Supplies,Binders,4,447.03,0.1,1609.31,699.93,909.38
ORD-1714,2024-09-28,South,Bangalore,Consumer,Furniture,Chairs,5,64.89,0,324.45,194.19,130.26
ORD-1715,2024-09-14,South,Pune,Corporate,Office Supplies,Storage,11,275.3,0,3028.3,1785.37,1242.93
ORD-1716,2024-09-17,West,Chennai,Corporate,Office Supplies,Storage,2,20.8,0.3,29.12,14.35,14.77
ORD-1717,2024-09-18,East,Hyderabad,Home Office,Furniture,Bookcases,8,300.75,0.2,1924.8,1178.11,746.69
ORD-1718,2024-09-12,West,Bangalore,Home Office,Furniture,Bookcases,5,94.15,0,470.75,231.0,239.75
ORD-1719,2024-09-23,East,Kolkata,Corporate,Technology,Accessories,8,478.54,0.15,3254.07,2504.5,749.57
ORD-1720,2024-10-19,East,Bangalore,Home Office,Technology,Accessories,3,126.57,0,379.71,302.82,76.89
ORD-1721,2024-10-12,South,Bangalore,Corporate,Furniture,Bookcases,4,285.62,0,1142.48,761.14,381.34
ORD-1722,2024-10-16,South,Bangalore,Home Office,Furniture,Furnishings,9,157.76,0,1419.84,797.7,622.14
ORD-1723,2024-10-23,South,Mumbai,Consumer,Furniture,Bookcases,12,277.61,0.15,2831.62,1507.87,1323.75
ORD-1724,2024-10-04,East,Bangalore,Home Office,Furniture,Bookcases,10,366.99,0.1,3302.91,1768.62,1534.29
ORD-1725,2024-10-15,West,Delhi,Home Office,Technology,Accessories,5,22.15,0.15,94.14,69.32,24.82
ORD-1726,2024-10-09,East,Chennai,Consumer,Technology,Machines,10,267.95,0.3,1875.65,1452.25,423.4
ORD-1727,2024-10-13,South,Ahmedabad,Home Office,Technology,Phones,11,339.06,0,3729.66,2947.68,781.98
ORD-1728,2024-10-14,South,Mumbai,Home Office,Furniture,Bookcases,11,186.92,0,2056.12,1411.29,644.83
ORD-1729,2024-10-03,East,Kolkata,Consumer,Furniture,Bookcases,6,182.16,0.1,983.66,737.47,246.19
ORD-1730,2024-10-14,South,Pune,Home Office,Office Supplies,Paper,8,151.43,0.3,848.01,586.14,261.87
ORD-1731,2024-10-11,West,Chennai,Consumer,Technology,Phones,5,242.56,0.3,848.96,517.97,330.99
ORD-1732,2024-10-18,North,Mumbai,Consumer,Office Supplies,Paper,7,323.01,0,2261.07,1279.33,981.74
ORD-1733,2024-10-27,West,Bangalore,Consumer,Office Supplies,Art,7,151.84,0.1,956.59,398.8,557.79
ORD-1734,2024-10-10,East,Ahmedabad,Corporate,Office Supplies,Binders,4,23.15,0,92.6,42.75,49.85
ORD-1735,2024-10-04,West,Bangalore,Corporate,Technology,Machines,8,454.33,0.2,2907.71,1447.75,1459.96
ORD-1736,2024-10-21,East,Hyderabad,Home Office,Furniture,Chairs,10,245.44,0.1,2208.96,1650.84,558.12
ORD-1737,2024-10-15,West,Mumbai,Corporate,Office Supplies,Storage,5,89.8,0,449.0,205.85,243.15
ORD-1738,2024-10-10,South,Kolkata,Consumer,Furniture,Tables,6,215.56,0,1293.36,542.55,750.81
ORD-1739,2024-10-28,North,Bangalore,Home Office,Office Supplies,Art,2,303.39,0,606.78,374.68,232.1
ORD-1740,2024-10-01,East,Hyderabad,Corporate,Office Supplies,Binders,2,271.87,0,543.74,396.56,147.18
ORD-1741,2024-10-05,South,Ahmedabad,Corporate,Office Supplies,Binders,7,176.75,0,1237.25,545.59,691.66
ORD-1742,2024-10-16,South,Ahmedabad,Corporate,Technology,Phones,2,67.12,0,134.24,103.28,30.96
ORD-1743,2024-10-10,East,Ahmedabad,Consumer,Furniture,Bookcases,10,266.33,0,2663.3,1248.78,1414.52
ORD-1744,2024-10-07,North,Bangalore,Consumer,Office Supplies,Storage,12,79.76,0,957.12,500.55,456.57
ORD-1745,2024-10-02,South,Delhi,Home Office,Technology,Copiers,2,19.22,0.1,34.6,24.32,10.28
ORD-1746,2024-10-10,South,Mumbai,Home Office,Technology,Phones,8,68.27,0,546.16,227.92,318.24
ORD-1747,2024-10-01,North,Chennai,Home Office,Technology,Phones,10,451.58,0,4515.8,3017.64,1498.16
ORD-1748,2024-10-20,North,Hyderabad,Home Office,Technology,Machines,6,88.67,0.15,452.22,322.13,130.09
ORD-1749,2024-10-06,South,Mumbai,Consumer,Office Supplies,Storage,9,116.33,0,1046.97,822.61,224.36
ORD-1750,2024-10-04,North,Ahmedabad,Consumer,Office Supplies,Storage,6,352.09,0,2112.54,1216.54,896.0
ORD-1751,2024-10-11,South,Chennai,Corporate,Furniture,Furnishings,9,121.5,0,1093.5,770.44,323.06
ORD-1752,2024-10-24,North,Bangalore,Home Office,Furniture,Chairs,8,383.51,0.2,2454.46,1264.8,1189.66
ORD-1753,2024-10-22,North,Delhi,Corporate,Technology,Machines,7,148.97,0.15,886.37,615.56,270.81
ORD-1754,2024-10-22,West,Pune,Corporate,Technology,Copiers,4,429.82,0.3,1203.5,867.69,335.81
ORD-1755,2024-10-22,East,Ahmedabad,Home Office,Technology,Phones,11,61.53,0.1,609.15,371.01,238.14
ORD-1756,2024-10-06,North,Pune,Corporate,Technology,Accessories,12,299.37,0,3592.44,2502.4,1090.04
ORD-1757,2024-10-27,North,Chennai,Corporate,Furniture,Tables,10,423.57,0.1,3812.13,1712.05,2100.08
ORD-1758,2024-10-20,West,Kolkata,Corporate,Office Supplies,Paper,11,472.18,0,5193.98,3066.16,2127.82
ORD-1759,2024-10-21,West,Ahmedabad,Consumer,Furniture,Bookcases,2,69.87,0.1,125.77,75.32,50.45
ORD-1760,2024-10-13,South,Mumbai,Home Office,Technology,Phones,2,254.09,0,508.18,400.87,107.31
ORD-1761,2024-10-26,East,Delhi,Home Office,Technology,Machines,2,333.93,0.15,567.68,401.37,166.31
ORD-1762,2024-10-28,West,Ahmedabad,Home Office,Technology,Machines,8,257.35,0.15,1749.98,940.52,809.46
ORD-1763,2024-10-02,North,Pune,Consumer,Technology,Copiers,8,164.13,0.1,1181.74,681.89,499.85
ORD-1764,2024-10-16,North,Bangalore,Home Office,Technology,Machines,8,221.03,0,1768.24,1213.52,554.72
ORD-1765,2024-10-13,North,Ahmedabad,Home Office,Office Supplies,Paper,8,285.51,0,2284.08,1376.56,907.52
ORD-1766,2024-10-05,East,Hyderabad,Home Office,Furniture,Furnishings,5,167.04,0,835.2,531.34,303.86
ORD-1767,2024-10-14,East,Hyderabad,Home Office,Furniture,Chairs,7,57.7,0,403.9,321.82,82.08
ORD-1768,2024-10-03,East,Chennai,Consumer,Technology,Accessories,11,162.93,0,1792.23,1369.54,422.69
ORD-1769,2024-10-14,East,Mumbai,Consumer,Technology,Machines,9,169.8,0.1,1375.38,912.02,463.36
ORD-1770,2024-10-13,West,Ahmedabad,Home Office,Furniture,Chairs,10,20.9,0,209.0,115.18,93.82
ORD-1771,2024-10-26,East,Delhi,Corporate,Office Supplies,Storage,12,340.8,0,4089.6,2448.41,1641.19
ORD-1772,2024-10-03,East,Pune,Corporate,Technology,Machines,4,253.51,0.3,709.83,560.51,149.32
ORD-1773,2024-10-03,South,Kolkata,Consumer,Furniture,Bookcases,10,206.99,0,2069.9,1345.08,724.82
ORD-1774,2024-10-12,North,Delhi,Corporate,Office Supplies,Binders,10,402.58,0.1,3623.22,2068.29,1554.93
ORD-1775,2024-10-13,North,Kolkata,Home Office,Office Supplies,Binders,7,335.09,0,2345.63,1125.97,1219.66
ORD-1776,2024-10-19,East,Bangalore,Home Office,Office Supplies,Paper,1,317.64,0.15,269.99,201.17,68.82
ORD-1777,2024-10-12,West,Pune,Corporate,Technology,Copiers,10,366.04,0,3660.4,2228.85,1431.55
ORD-1778,2024-10-03,West,Kolkata,Consumer,Technology,Accessories,7,211.03,0.3,1034.05,757.01,277.04
ORD-1779,2024-10-04,South,Bangalore,Corporate,Furniture,Bookcases,5,346.56,0,1732.8,974.43,758.37
ORD-1780,2024-10-02,South,Kolkata,Consumer,Technology,Phones,8,247.84,0.1,1784.45,1015.01,769.44
ORD-1781,2024-10-06,South,Mumbai,Consumer,Technology,Machines,5,396.94,0,1984.7,1316.79,667.91
ORD-1782,2024-10-14,North,Mumbai,Consumer,Office Supplies,Paper,2,163.81,0,327.62,244.69,82.93
ORD-1783,2024-10-04,East,Bangalore,Corporate,Office Supplies,Storage,4,64.85,0.2,207.52,124.53,82.99
ORD-1784,2024-10-26,East,Delhi,Consumer,Furniture,Chairs,6,171.35,0.15,873.88,607.25,266.63
ORD-1785,2024-10-09,South,Delhi,Consumer,Furniture,Tables,3,114.91,0,344.73,198.49,146.24
ORD-1786,2024-10-09,North,Delhi,Home Office,Furniture,Bookcases,6,277.42,0.1,1498.07,1008.34,489.73
ORD-1787,2024-10-24,South,Hyderabad,Home Office,Furniture,Furnishings,5,20.33,0.15,86.4,35.76,50.64
ORD-1788,2024-10-26,North,Pune,Corporate,Office Supplies,Art,5,323.09,0.2,1292.36,704.52,587.84
ORD-1789,2024-10-09,North,Pune,Corporate,Office Supplies,Art,1,455.8,0.1,410.22,316.28,93.94
ORD-1790,2024-10-26,East,Chennai,Corporate,Technology,Accessories,3,458.79,0.2,1101.1,580.14,520.96
ORD-1791,2024-10-14,West,Ahmedabad,Consumer,Technology,Machines,8,371.1,0.3,2078.16,1107.84,970.32
ORD-1792,2024-10-24,North,Delhi,Home Office,Technology,Machines,6,216.23,0.2,1037.9,752.86,285.04
ORD-1793,2024-10-13,East,Bangalore,Consumer,Furniture,Chairs,11,227.27,0.2,1999.98,908.86,1091.12
ORD-1794,2024-10-25,South,Delhi,Corporate,Office Supplies,Binders,2,87.33,0.15,148.46,101.76,46.7
ORD-1795,2024-10-22,South,Ahmedabad,Corporate,Office Supplies,Paper,8,438.02,0,3504.16,1767.05,1737.11
ORD-1796,2024-10-19,East,Pune,Consumer,Furniture,Tables,6,99.13,0.1,535.3,416.41,118.89
ORD-1797,2024-10-28,South,Chennai,Home Office,Technology,Phones,2,487.32,0,974.64,491.91,482.73
ORD-1798,2024-10-06,South,Pune,Home Office,Technology,Copiers,10,137.48,0,1374.8,1076.76,298.04
ORD-1799,2024-10-28,North,Ahmedabad,Corporate,Technology,Copiers,2,120.0,0,240.0,114.29,125.71
ORD-1800,2024-11-27,East,Bangalore,Corporate,Furniture,Furnishings,7,429.61,0.15,2556.18,1242.88,1313.3
ORD-1801,2024-11-09,East,Bangalore,Corporate,Office Supplies,Art,7,398.31,0,2788.17,1438.91,1349.26
ORD-1802,2024-11-16,South,Hyderabad,Consumer,Office Supplies,Paper,10,345.29,0.1,3107.61,1349.62,1757.99
ORD-1803,2024-11-09,South,Chennai,Home Office,Furniture,Furnishings,12,197.91,0.1,2137.43,1484.32,653.11
ORD-1804,2024-11-22,North,Hyderabad,Consumer,Technology,Phones,4,240.76,0,963.04,769.18,193.86
ORD-1805,2024-11-18,North,Pune,Home Office,Technology,Machines,5,488.99,0.2,1955.96,1072.57,883.39
ORD-1806,2024-11-05,North,Bangalore,Corporate,Office Supplies,Art,9,251.49,0,2263.41,1700.18,563.23
ORD-1807,2024-11-27,North,Kolkata,Consumer,Furniture,Furnishings,2,163.5,0,327.0,196.1,130.9
ORD-1808,2024-11-17,East,Kolkata,Corporate,Office Supplies,Binders,5,310.34,0.3,1086.19,837.11,249.08
ORD-1809,2024-11-15,East,Ahmedabad,Corporate,Furniture,Tables,3,282.28,0.2,677.47,443.51,233.96
ORD-1810,2024-11-15,North,Chennai,Consumer,Technology,Accessories,3,27.57,0,82.71,38.5,44.21
ORD-1811,2024-11-16,West,Ahmedabad,Consumer,Technology,Copiers,6,494.52,0.15,2522.05,1498.3,1023.75
ORD-1812,2024-11-06,North,Hyderabad,Consumer,Office Supplies,Art,2,109.83,0,219.66,103.74,115.92
ORD-1813,2024-11-03,East,Mumbai,Home Office,Office Supplies,Art,9,385.76,0,3471.84,1967.03,1504.81
ORD-1814,2024-11-12,South,Mumbai,Corporate,Furniture,Chairs,5,343.84,0.2,1375.36,617.26,758.1
ORD-1815,2024-11-21,North,Delhi,Consumer,Furniture,Tables,8,417.04,0.2,2669.06,1579.93,1089.13
ORD-1816,2024-11-24,East,Mumbai,Corporate,Office Supplies,Storage,11,314.96,0.1,3118.1,1652.49,1465.61
ORD-1817,2024-11-20,South,Kolkata,Home Office,Technology,Phones,6,401.09,0.2,1925.23,824.56,1100.67
ORD-1818,2024-11-01,West,Bangalore,Corporate,Technology,Copiers,4,482.87,0.3,1352.04,756.56,595.48
ORD-1819,2024-11-10,South,Kolkata,Corporate,Technology,Copiers,11,378.75,0.2,3333.0,1538.69,1794.31
ORD-1820,2024-11-07,West,Bangalore,Home Office,Furniture,Bookcases,6,336.1,0.3,1411.62,772.13,639.49
ORD-1821,2024-11-26,West,Kolkata,Corporate,Furniture,Furnishings,10,304.17,0,3041.7,2137.09,904.61
ORD-1822,2024-11-22,East,Pune,Corporate,Office Supplies,Art,2,29.81,0,59.62,47.06,12.56
ORD-1823,2024-11-16,South,Delhi,Corporate,Office Supplies,Art,5,239.43,0,1197.15,913.29,283.86
ORD-1824,2024-11-18,East,Kolkata,Home Office,Technology,Accessories,4,266.32,0,1065.28,668.37,396.91
ORD-1825,2024-11-27,North,Pune,Home Office,Technology,Phones,7,56.3,0.2,315.28,216.95,98.33
ORD-1826,2024-11-06,East,Delhi,Home Office,Furniture,Bookcases,9,17.97,0.2,129.38,85.99,43.39
ORD-1827,2024-11-25,South,Pune,Consumer,Furniture,Chairs,12,155.85,0.15,1589.67,1096.3,493.37
ORD-1828,2024-11-09,West,Bangalore,Corporate,Office Supplies,Binders,4,100.69,0.2,322.21,255.47,66.74
ORD-1829,2024-11-23,North,Pune,Consumer,Furniture,Chairs,2,16.52,0.2,26.43,15.62,10.81
ORD-1830,2024-11-26,West,Hyderabad,Corporate,Office Supplies,Paper,12,340.16,0.2,3265.54,2188.05,1077.49
ORD-1831,2024-11-07,East,Mumbai,Consumer,Technology,Accessories,4,64.84,0,259.36,175.95,83.41
ORD-1832,2024-11-26,North,Bangalore,Home Office,Technology,Copiers,11,128.47,0.3,989.22,643.41,345.81
ORD-1833,2024-11-05,South,Bangalore,Corporate,Technology,Machines,8,216.72,0,1733.76,808.7,925.06
ORD-1834,2024-11-27,West,Ahmedabad,Consumer,Furniture,Furnishings,10,128.89,0,1288.9,809.14,479.76
ORD-1835,2024-11-28,West,Delhi,Consumer,Technology,Machines,11,425.34,0.1,4210.87,3334.14,876.73
ORD-1836,2024-11-22,West,Ahmedabad,Consumer,Office Supplies,Binders,7,248.19,0.15,1476.73,1018.72,458.01
ORD-1837,2024-11-21,West,Mumbai,Home Office,Technology,Phones,7,292.44,0.15,1740.02,740.21,999.81
ORD-1838,2024-11-24,West,Hyderabad,Corporate,Furniture,Chairs,8,351.78,0,2814.24,1307.31,1506.93
ORD-1839,2024-11-20,South,Chennai,Corporate,Furniture,Bookcases,9,117.65,0.2,847.08,453.75,393.33
ORD-1840,2024-11-12,West,Pune,Home Office,Technology,Machines,7,418.21,0.2,2341.98,1548.05,793.93
ORD-1841,2024-11-20,West,Delhi,Corporate,Technology,Accessories,11,246.62,0,2712.82,1301.59,1411.23
ORD-1842,2024-11-12,West,Kolkata,Corporate,Technology,Copiers,4,112.62,0,450.48,360.25,90.23
ORD-1843,2024-11-04,East,Mumbai,Consumer,Furniture,Tables,2,175.49,0,350.98,227.09,123.89
ORD-1844,2024-11-05,South,Hyderabad,Corporate,Furniture,Bookcases,1,387.35,0.15,329.25,166.93,162.32
ORD-1845,2024-11-26,North,Ahmedabad,Corporate,Office Supplies,Storage,2,487.58,0.3,682.61,439.76,242.85
ORD-1846,2024-11-12,North,Delhi,Home Office,Office Supplies,Storage,3,318.66,0.3,669.19,322.65,346.54
ORD-1847,2024-11-21,South,Ahmedabad,Home Office,Office Supplies,Binders,9,254.21,0.3,1601.52,704.22,897.3
ORD-1848,2024-11-08,East,Chennai,Consumer,Furniture,Tables,8,485.12,0.3,2716.67,1922.35,794.32
ORD-1849,2024-11-12,West,Bangalore,Home Office,Furniture,Bookcases,2,140.35,0.2,224.56,157.63,66.93
ORD-1850,2024-11-28,South,Bangalore,Consumer,Technology,Copiers,7,212.57,0.1,1339.19,1016.75,322.44
ORD-1851,2024-11-11,East,Mumbai,Consumer,Technology,Copiers,12,405.06,0,4860.72,2109.12,2751.6
ORD-1852,2024-11-19,West,Pune,Consumer,Technology,Copiers,1,333.49,0.2,266.79,122.83,143.96
ORD-1853,2024-11-24,North,Pune,Corporate,Office Supplies,Binders,11,353.39,0.3,2721.1,1419.68,1301.42
ORD-1854,2024-11-18,East,Bangalore,Corporate,Furniture,Chairs,12,207.93,0.2,1996.13,962.24,1033.89
ORD-1855,2024-11-11,West,Pune,Home Office,Office Supplies,Binders,4,441.68,0,1766.72,732.81,1033.91
ORD-1856,2024-11-11,West,Kolkata,Home Office,Office Supplies,Art,4,55.48,0.15,188.63,99.01,89.62
ORD-1857,2024-11-17,South,Kolkata,Home Office,Technology,Phones,4,417.79,0,1671.16,1154.11,517.05
ORD-1858,2024-11-21,North,Kolkata,Corporate,Office Supplies,Storage,11,258.67,0,2845.37,1192.48,1652.89
ORD-1859,2024-11-19,North,Mumbai,Home Office,Furniture,Bookcases,8,176.1,0,1408.8,1017.37,391.43
ORD-1860,2024-11-11,South,Bangalore,Corporate,Furniture,Bookcases,12,195.06,0.2,1872.58,934.52,938.06
ORD-1861,2024-11-02,South,Bangalore,Consumer,Furniture,Furnishings,12,218.59,0.1,2360.77,1021.69,1339.08
ORD-1862,2024-11-18,West,Ahmedabad,Consumer,Technology,Copiers,2,190.95,0.15,324.61,182.14,142.47
ORD-1863,2024-11-14,West,Pune,Home Office,Furniture,Furnishings,8,347.62,0.1,2502.86,1733.7,769.16
ORD-1864,2024-11-04,South,Ahmedabad,Corporate,Technology,Accessories,3,484.34,0.15,1235.07,920.51,314.56
ORD-1865,2024-11-14,South,Bangalore,Consumer,Furniture,Furnishings,9,190.97,0,1718.73,1101.09,617.64
ORD-1866,2024-11-12,North,Kolkata,Home Office,Technology,Machines,1,266.16,0,266.16,146.01,120.15
ORD-1867,2024-11-10,East,Bangalore,Consumer,Furniture,Furnishings,3,394.06,0.1,1063.96,446.29,617.67
ORD-1868,2024-11-02,East,Ahmedabad,Home Office,Technology,Accessories,1,69.94,0,69.94,29.87,40.07
ORD-1869,2024-11-27,West,Ahmedabad,Home Office,Furniture,Bookcases,6,392.86,0.1,2121.44,1556.68,564.76
ORD-1870,2024-11-20,South,Ahmedabad,Corporate,Technology,Copiers,3,434.51,0,1303.53,567.98,735.55
ORD-1871,2024-11-24,West,Hyderabad,Corporate,Furniture,Tables,9,32.45,0.2,233.64,176.64,57.0
ORD-1872,2024-11-18,East,Mumbai,Consumer,Office Supplies,Storage,10,318.75,0.3,2231.25,1523.85,707.4
ORD-1873,2024-11-01,North,Mumbai,Consumer,Office Supplies,Storage,10,265.66,0.3,1859.62,1097.8,761.82
ORD-1874,2024-11-19,North,Kolkata,Consumer,Office Supplies,Art,4,130.19,0.2,416.61,306.44,110.17
ORD-1875,2024-11-06,West,Mumbai,Corporate,Technology,Machines,8,432.37,0,3458.96,1853.94,1605.02
ORD-1876,2024-11-10,West,Kolkata,Corporate,Technology,Machines,2,66.18,0,132.36,81.63,50.73
ORD-1877,2024-11-20,South,Bangalore,Consumer,Technology,Machines,5,476.56,0.2,1906.24,891.5,1014.74
ORD-1878,2024-11-11,East,Mumbai,Home Office,Technology,Phones,5,201.07,0,1005.35,459.43,545.92
ORD-1879,2024-11-17,East,Chennai,Consumer,Furniture,Chairs,4,378.55,0.15,1287.07,636.58,650.49
ORD-1880,2024-12-14,West,Hyderabad,Consumer,Technology,Machines,8,281.03,0,2248.24,1334.71,913.53
ORD-1881,2024-12-10,South,Delhi,Home Office,Technology,Machines,4,383.86,0.2,1228.35,877.15,351.2
ORD-1882,2024-12-18,West,Chennai,Home Office,Furniture,Chairs,3,192.92,0,578.76,412.55,166.21
ORD-1883,2024-12-06,West,Mumbai,Consumer,Office Supplies,Paper,8,480.95,0.15,3270.46,1686.58,1583.88
ORD-1884,2024-12-07,North,Kolkata,Corporate,Technology,Copiers,11,196.28,0,2159.08,1591.19,567.89
ORD-1885,2024-12-05,East,Delhi,Home Office,Technology,Accessories,5,53.96,0.2,215.84,96.95,118.89
ORD-1886,2024-12-25,East,Hyderabad,Home Office,Furniture,Tables,11,473.25,0.2,4164.6,2101.22,2063.38
ORD-1887,2024-12-23,West,Hyderabad,Home Office,Furniture,Tables,6,113.21,0.15,577.37,306.8,270.57
ORD-1888,2024-12-18,South,Ahmedabad,Home Office,Office Supplies,Storage,1,451.71,0.2,361.37,169.63,191.74
ORD-1889,2024-12-15,West,Delhi,Home Office,Furniture,Chairs,9,25.16,0.3,158.51,115.15,43.36
ORD-1890,2024-12-01,North,Hyderabad,Home Office,Furniture,Furnishings,7,96.82,0.3,474.42,343.83,130.59
ORD-1891,2024-12-22,North,Ahmedabad,Consumer,Furniture,Bookcases,1,118.55,0,118.55,83.38,35.17
ORD-1892,2024-12-02,East,Kolkata,Home Office,Technology,Phones,12,118.36,0.1,1278.29,1005.91,272.38
ORD-1893,2024-12-17,East,Chennai,Consumer,Furniture,Tables,11,204.08,0.3,1571.42,802.9,768.52
ORD-1894,2024-12-09,West,Bangalore,Home Office,Technology,Accessories,2,298.2,0.2,477.12,203.26,273.86
ORD-1895,2024-12-18,South,Mumbai,Consumer,Office Supplies,Binders,12,342.09,0.15,3489.32,1748.74,1740.58
ORD-1896,2024-12-22,West,Mumbai,Home Office,Technology,Copiers,6,221.95,0.1,1198.53,610.79,587.74
ORD-1897,2024-12-18,West,Mumbai,Home Office,Furniture,Bookcases,12,120.03,0,1440.36,1105.27,335.09
ORD-1898,2024-12-24,West,Chennai,Corporate,Furniture,Chairs,6,50.09,0.15,255.46,184.72,70.74
ORD-1899,2024-12-21,South,Chennai,Consumer,Office Supplies,Paper,4,90.6,0,362.4,154.07,208.33
ORD-1900,2024-12-08,North,Mumbai,Corporate,Technology,Copiers,10,400.64,0,4006.4,2949.52,1056.88
ORD-1901,2024-12-25,North,Mumbai,Corporate,Furniture,Tables,6,264.64,0,1587.84,1234.42,353.42
ORD-1902,2024-12-28,West,Delhi,Home Office,Technology,Copiers,2,487.52,0,975.04,537.21,437.83
ORD-1903,2024-12-22,North,Mumbai,Corporate,Technology,Phones,5,309.26,0.1,1391.67,593.29,798.38
ORD-1904,2024-12-28,North,Pune,Corporate,Office Supplies,Storage,7,56.96,0.3,279.1,157.54,121.56
ORD-1905,2024-12-22,North,Pune,Corporate,Furniture,Furnishings,10,313.42,0,3134.2,2069.73,1064.47
ORD-1906,2024-12-19,North,Chennai,Home Office,Furniture,Bookcases,2,60.32,0.15,102.54,70.27,32.27
ORD-1907,2024-12-06,South,Kolkata,Home Office,Office Supplies,Art,6,216.29,0.2,1038.19,673.1,365.09
ORD-1908,2024-12-25,South,Bangalore,Consumer,Technology,Phones,5,296.42,0.15,1259.79,987.55,272.24
ORD-1909,2024-12-01,East,Ahmedabad,Consumer,Furniture,Tables,5,305.63,0,1528.15,836.71,691.44
ORD-1910,2024-12-07,South,Mumbai,Home Office,Technology,Accessories,7,178.47,0,1249.29,819.81,429.48
ORD-1911,2024-12-11,North,Ahmedabad,Home Office,Furniture,Tables,12,349.0,0.1,3769.2,2411.93,1357.27
ORD-1912,2024-12-16,East,Hyderabad,Corporate,Office Supplies,Binders,3,61.38,0.3,128.9,98.51,30.39
ORD-1913,2024-12-25,South,Chennai,Home Office,Technology,Accessories,8,315.72,0,2525.76,1496.0,1029.76
ORD-1914,2024-12-03,East,Pune,Consumer,Office Supplies,Paper,3,414.78,0,1244.34,678.32,566.02
ORD-1915,2024-12-12,East,Kolkata,Consumer,Technology,Phones,8,105.26,0.15,715.77,547.62,168.15
ORD-1916,2024-12-11,North,Kolkata,Consumer,Technology,Accessories,3,117.28,0,351.84,241.9,109.94
ORD-1917,2024-12-05,South,Bangalore,Consumer,Technology,Accessories,5,456.22,0,2281.1,1671.08,610.02
ORD-1918,2024-12-22,West,Chennai,Corporate,Office Supplies,Storage,5,233.54,0,1167.7,845.18,322.52
ORD-1919,2024-12-07,South,Delhi,Home Office,Office Supplies,Paper,2,80.77,0,161.54,115.98,45.56
ORD-1920,2024-12-19,West,Pune,Corporate,Office Supplies,Binders,11,129.83,0,1428.13,1007.16,420.97
ORD-1921,2024-12-05,South,Hyderabad,Consumer,Office Supplies,Binders,4,36.1,0.3,101.08,51.76,49.32
ORD-1922,2024-12-25,West,Delhi,Corporate,Technology,Phones,3,259.22,0.3,544.36,409.89,134.47
ORD-1923,2024-12-16,East,Hyderabad,Consumer,Furniture,Furnishings,12,193.2,0.2,1854.72,1100.44,754.28
ORD-1924,2024-12-08,West,Mumbai,Home Office,Furniture,Furnishings,4,117.57,0,470.28,273.15,197.13
ORD-1925,2024-12-18,West,Pune,Corporate,Technology,Machines,10,87.03,0.3,609.21,334.85,274.36
ORD-1926,2024-12-17,North,Ahmedabad,Corporate,Technology,Phones,9,182.27,0.15,1394.37,580.7,813.67
ORD-1927,2024-12-13,East,Pune,Corporate,Furniture,Furnishings,7,190.08,0.1,1197.5,630.85,566.65
ORD-1928,2024-12-17,North,Kolkata,Consumer,Technology,Copiers,11,47.19,0,519.09,268.79,250.3
ORD-1929,2024-12-07,North,Delhi,Consumer,Furniture,Tables,2,186.52,0.15,317.08,152.24,164.84
ORD-1930,2024-12-25,East,Kolkata,Home Office,Furniture,Bookcases,4,355.76,0,1423.04,1137.52,285.52
ORD-1931,2024-12-21,East,Hyderabad,Corporate,Technology,Machines,7,473.45,0.3,2319.9,1466.13,853.77
ORD-1932,2024-12-17,North,Chennai,Corporate,Furniture,Tables,4,364.43,0,1457.72,859.73,597.99
ORD-1933,2024-12-23,West,Delhi,Corporate,Office Supplies,Paper,6,424.44,0.1,2291.98,1622.84,669.14
ORD-1934,2024-12-24,West,Mumbai,Corporate,Technology,Copiers,6,78.09,0.3,327.98,148.03,179.95
ORD-1935,2024-12-25,North,Chennai,Corporate,Furniture,Bookcases,7,218.6,0.3,1071.14,601.28,469.86
ORD-1936,2024-12-26,East,Mumbai,Home Office,Furniture,Chairs,3,85.31,0,255.93,160.54,95.39
ORD-1937,2024-12-19,West,Delhi,Corporate,Furniture,Tables,9,199.35,0.1,1614.73,716.06,898.67
ORD-1938,2024-12-23,West,Bangalore,Consumer,Office Supplies,Binders,2,340.69,0,681.38,281.29,400.09
ORD-1939,2024-12-17,West,Delhi,Consumer,Technology,Accessories,7,149.07,0,1043.49,538.9,504.59
ORD-1940,2024-12-04,North,Mumbai,Corporate,Furniture,Chairs,3,170.12,0.1,459.32,255.58,203.74
ORD-1941,2024-12-28,South,Delhi,Corporate,Office Supplies,Paper,7,478.0,0.3,2342.2,1130.33,1211.87
ORD-1942,2024-12-17,South,Ahmedabad,Home Office,Furniture,Furnishings,3,305.82,0,917.46,582.58,334.88
ORD-1943,2024-12-08,West,Bangalore,Consumer,Furniture,Tables,8,41.35,0.1,297.72,191.12,106.6
ORD-1944,2024-12-15,East,Ahmedabad,Corporate,Office Supplies,Paper,10,29.15,0,291.5,150.17,141.33
ORD-1945,2024-12-15,East,Bangalore,Corporate,Office Supplies,Binders,7,132.08,0.15,785.88,544.85,241.03
ORD-1946,2024-12-28,West,Delhi,Home Office,Office Supplies,Art,7,352.34,0,2466.38,1223.02,1243.36
ORD-1947,2024-12-14,South,Delhi,Home Office,Furniture,Bookcases,12,366.0,0,4392.0,3353.27,1038.73
ORD-1948,2024-12-02,North,Hyderabad,Consumer,Furniture,Chairs,7,230.96,0,1616.72,780.79,835.93
ORD-1949,2024-12-13,West,Ahmedabad,Home Office,Technology,Phones,7,178.39,0.1,1123.86,834.25,289.61
ORD-1950,2024-12-03,North,Bangalore,Consumer,Technology,Machines,6,338.44,0.1,1827.58,1085.41,742.17
ORD-1951,2024-12-06,North,Ahmedabad,Home Office,Office Supplies,Art,3,240.69,0,722.07,531.89,190.18
ORD-1952,2024-12-22,North,Kolkata,Consumer,Office Supplies,Storage,2,271.98,0.1,489.56,228.81,260.75
ORD-1953,2024-12-22,North,Ahmedabad,Consumer,Office Supplies,Binders,6,97.19,0.2,466.51,193.03,273.48
ORD-1954,2024-12-01,South,Delhi,Home Office,Furniture,Chairs,7,348.27,0.1,2194.1,923.64,1270.46
ORD-1955,2024-12-01,North,Hyderabad,Consumer,Furniture,Tables,4,107.99,0,431.96,245.64,186.32
ORD-1956,2024-12-17,East,Delhi,Consumer,Technology,Phones,11,92.26,0,1014.86,423.81,591.05
ORD-1957,2024-12-14,North,Chennai,Home Office,Furniture,Bookcases,10,111.49,0.15,947.66,528.82,418.84
ORD-1958,2024-12-01,North,Hyderabad,Consumer,Technology,Accessories,6,95.07,0.1,513.38,339.65,173.73
ORD-1959,2024-12-02,West,Delhi,Consumer,Technology,Copiers,11,409.39,0.2,3602.63,2340.14,1262.49
